,name_number,name,structure,structure_type,space_group,exp_gap,reference,group_number,material_id,composition,electron density,cell density,cell volume,com_0,com_1,lattice constants a_0,lattice constants a_1,lattice constants b_0,lattice constants b_1,lattice constants c_0,lattice constants c_1,atomic radii(empirical)_0,atomic radii(empirical)_1,atomic radii(clementi)_0,atomic radii(clementi)_1,ionic radii(pauling)_0,ionic radii(pauling)_1,ionic radii(shannon)_0,ionic radii(shannon)_1,covalent radii_0,covalent radii_1,metal radii(waber)_0,metal radii(waber)_1,valence electron distance(schubert)_0,valence electron distance(schubert)_1,core electron distance(schubert)_0,core electron distance(schubert)_1,pseudo-potential radii(zunger)_0,pseudo-potential radii(zunger)_1,first ionization energy_0,first ionization energy_1,second ionization energy _0,second ionization energy _1,third ionization energy _0,third ionization energy _1,atomization enthalpy_0,atomization enthalpy_1,vaporization enthalpy_0,vaporization enthalpy_1,fusion enthalpy_0,fusion enthalpy_1,cohesive energy(Brewer)_0,cohesive energy(Brewer)_1,total energy_0,total energy_1,electron number_0,electron number_1,valence electron number_0,valence electron number_1,effective nuclear charge(slater)_0,effective nuclear charge(slater)_1,effective nuclear charge(clementi)_0,effective nuclear charge(clementi)_1,electronegativity(martynov&batsanov)_0,electronegativity(martynov&batsanov)_1,electronegativity(pauling)_0,electronegativity(pauling)_1,electronegativity(alfred-rochow)_0,electronegativity(alfred-rochow)_1,"atomic volume(villars,daams)_0","atomic volume(villars,daams)_1"
0,AgBr225,AgBr,Cubic,NaCl,Fm3(-)m,2.68,555,225,mp-23231,"{'Br': 1.0, 'Ag': 1.0}",3.2739609354718286,6.224579675,25.04611436,1.0,1.0,4.0853,6.7265,4.0853,4.6451,4.0853,8.7023,1.6,1.1,1.65,0.94,1.12,0.37,1.15,0.39,1.45,1.2,1.445,1.17,2.9,1.6,1.3,1.01,2.375,1.2,7.602,11.855,21.57,21.871,34.954,36.119,2.96,1.164,2.68,0.317,0.118,0.06,2.95,1.22,2.832,1.629,47,35,11,7,4.2,7.6,8.03,9.03,1.07,2.83,1.93,2.96,1.42,2.74,1.706,3.277
1,AgCl225,AgCl,Cubic,NaCl,Fm3(-)m,3.25,555,225,mp-22922,"{'Cl': 1.0, 'Ag': 1.0}",2.880749923733946,5.356179411,22.21643728,1.0,1.0,4.0853,6.2235,4.0853,4.4561,4.0853,8.1785,1.6,1.0,1.65,0.79,1.12,0.28,1.15,0.27,1.45,1.02,1.445,0.91,2.9,1.41,1.3,1.0,2.375,1.01,7.602,13.011,21.57,23.889,34.954,39.749,2.96,1.266,2.68,0.212,0.118,0.033,2.95,1.4,2.832,1.8,47,17,11,7,4.2,6.1,8.03,6.12,1.07,2.98,1.93,3.16,1.42,2.83,1.706,2.886
2,BaO225,BaO,Cubic,NaCl,Fm3(-)m,4.8,555,225,mp-1342,"{'O': 1.0, 'Ba': 1.0}",2.8923296059456134,5.753125432,22.127491925,1.0,1.0,5.028,5.403,5.028,3.429,5.028,5.086,2.15,0.6,2.53,0.48,1.26,0.1,1.35,0.1,2.15,0.66,2.243,0.89,3.35,1.2,1.44,0.85,3.402,0.465,5.23,13.665,10.036,35.235,36.878,55.12,1.872,2.592,1.569,0.071,0.083,0.002,1.9,2.6,1.925,4.935,56,8,2,6,2.85,4.55,7.58,4.45,1.08,3.32,0.89,3.44,0.97,3.5,6.299,1.736
3,BaS225,BaS,Cubic,NaCl,Fm3(-)m,3.88,555,225,mp-1500,"{'S': 1.0, 'Ba': 1.0}",2.1393680595863804,4.178929088,33.65479805,1.0,1.0,5.028,10.437,5.028,12.845,5.028,24.369,2.15,1.0,2.53,0.88,1.26,0.32,1.35,0.37,2.15,1.05,2.243,1.27,3.35,1.44,1.44,1.03,3.402,1.1,5.23,10.396,10.036,23.41,36.878,34.954,1.872,2.9,1.569,0.1,0.083,0.018,1.9,2.85,1.925,4.128,56,16,2,6,2.85,5.45,7.58,5.48,1.08,2.65,0.89,2.58,0.97,2.44,6.299,2.552
4,BaSe225,BaSe,Cubic,NaCl,Fm3(-)m,3.6,555,225,mp-1253,"{'Se': 1.0, 'Ba': 1.0}",2.4083124123122577,4.805292475,37.37056685,1.0,1.0,5.028,9.054,5.028,9.083,5.028,11.601,2.15,1.15,2.53,1.03,1.26,0.41,1.35,0.5,2.15,1.2,2.243,1.4,3.35,1.77,1.44,1.04,3.402,1.285,5.23,9.785,10.036,21.268,36.878,30.93,1.872,2.362,1.569,0.936,0.083,0.056,1.9,2.25,1.925,3.489,56,34,2,6,2.85,6.95,7.58,8.29,1.08,2.54,0.89,2.55,0.97,2.48,6.299,2.727
5,BaTe225,BaTe,Cubic,NaCl,Fm3(-)m,3.4,555,225,mp-1000,"{'Te': 1.0, 'Ba': 1.0}",2.4244847486359133,4.937885525,44.54554728,1.0,1.0,5.028,4.4572,5.028,4.4572,5.028,5.929,2.15,1.4,2.53,1.23,1.26,0.51,1.35,0.97,2.15,1.38,2.243,1.6,3.35,1.82,1.44,1.24,3.402,1.67,5.23,9.04,10.036,18.668,36.878,28.059,1.872,2.046,1.569,1.088,0.083,0.182,1.9,2.23,1.925,3.142,56,52,2,6,2.85,6.95,7.58,10.81,1.08,2.38,0.89,2.1,0.97,2.01,6.299,3.394
6,CaO225,CaO,Cubic,NaCl,Fm3(-)m,7.0,555,225,mp-2605,"{'O': 1.0, 'Ca': 1.0}",1.9765569405199837,3.286686364,14.16604775,1.0,1.0,5.5884,5.403,5.5884,3.429,5.5884,5.086,1.8,0.6,1.94,0.48,0.96,0.1,1.0,0.1,1.76,0.66,1.974,0.89,2.7,1.2,1.25,0.85,3.0,0.465,6.134,13.665,11.908,35.235,51.085,55.12,1.853,2.592,1.566,0.071,0.089,0.002,1.84,2.6,1.997,4.935,20,8,2,6,2.85,4.55,4.4,4.45,1.17,3.32,1.0,3.44,1.04,3.5,4.633,1.736
7,CaS225,CaS,Cubic,NaCl,Fm3(-)m,5.8,555,225,mp-1672,"{'S': 1.0, 'Ca': 1.0}",1.5419166881096416,2.565498122,23.347564935,1.0,1.0,5.5884,10.437,5.5884,12.845,5.5884,24.369,1.8,1.0,1.94,0.88,0.96,0.32,1.0,0.37,1.76,1.05,1.974,1.27,2.7,1.44,1.25,1.03,3.0,1.1,6.134,10.396,11.908,23.41,51.085,34.954,1.853,2.9,1.566,0.1,0.089,0.018,1.84,2.85,1.997,4.128,20,16,2,6,2.85,5.45,4.4,5.48,1.17,2.65,1.0,2.58,1.04,2.44,4.633,2.552
8,CaSe225,CaSe,Cubic,NaCl,Fm3(-)m,4.87,555,225,mp-1415,"{'Ca': 1.0, 'Se': 1.0}",2.0357624381808432,3.725958844,26.525688355,1.0,1.0,5.5884,9.054,5.5884,9.083,5.5884,11.601,1.8,1.15,1.94,1.03,0.96,0.41,1.0,0.5,1.76,1.2,1.974,1.4,2.7,1.77,1.25,1.04,3.0,1.285,6.134,9.785,11.908,21.268,51.085,30.93,1.853,2.362,1.566,0.936,0.089,0.056,1.84,2.25,1.997,3.489,20,34,2,6,2.85,6.95,4.4,8.29,1.17,2.54,1.0,2.55,1.04,2.48,4.633,2.727
9,CaTe225,CaTe,Cubic,NaCl,Fm3(-)m,4.07,555,225,mp-1519,"{'Ca': 1.0, 'Te': 1.0}",2.200123041178261,4.254119184,32.725442465,1.0,1.0,5.5884,4.4572,5.5884,4.4572,5.5884,5.929,1.8,1.4,1.94,1.23,0.96,0.51,1.0,0.97,1.76,1.38,1.974,1.6,2.7,1.82,1.25,1.24,3.0,1.67,6.134,9.04,11.908,18.668,51.085,28.059,1.853,2.046,1.566,1.088,0.089,0.182,1.84,2.23,1.997,3.142,20,52,2,6,2.85,6.95,4.4,10.81,1.17,2.38,1.0,2.1,1.04,2.01,4.633,3.394
10,CdO225,CdO,Cubic,NaCl,Fm3m,2.3,1,225,mp-1132,"{'O': 1.0, 'Cd': 1.0}",4.092474139054834,7.791430667,13.68365397,1.0,1.0,2.9794,5.403,2.9794,3.429,5.6186,5.086,1.55,0.6,1.61,0.48,0.93,0.1,0.95,0.1,1.44,0.66,1.568,0.89,2.4,1.2,1.39,0.85,2.215,0.465,9.024,13.665,16.962,35.235,37.606,55.12,1.165,2.592,1.04,0.071,0.066,0.002,1.16,2.6,0.915,4.935,48,8,12,6,4.35,4.55,8.19,4.45,1.4,3.32,1.69,3.44,1.46,3.5,2.144,1.736
11,CeN225,CeN,Cubic,NaCl,Fm3(-)m,0.7,555,225,mp-2493,"{'N': 1.0, 'Ce': 1.0}",4.034441116371554,7.942472651,16.111277405,1.0,1.0,3.62,3.861,3.62,3.861,5.99,6.265,1.85,0.65,2.47,0.56,1.05,0.12,1.1,0.16,2.04,0.71,1.715,0.88,2.4,1.33,1.23,1.03,4.5,0.54,5.489,14.584,10.889,29.702,20.176,47.611,4.399,4.916,4.139,0.058,0.057,0.004,4.32,4.92,5.934,4.634,58,7,3,5,2.85,3.9,10.8,3.83,1.1,2.85,1.12,3.04,1.06,3.07,3.478,1.289
12,CsF225,CsF,Cubic,NaCl,Fm3(-)m,10.0,555,225,mp-1784,"{'F': 1.0, 'Cs': 1.0}",2.235833262061636,4.406028778,28.624674785,1.0,1.0,6.141,5.5,6.141,3.28,6.141,7.28,2.6,0.5,2.98,0.42,1.65,0.09,1.67,0.8,2.44,0.57,2.731,0.75,5.45,1.16,1.55,0.83,4.31,0.405,3.907,17.482,23.182,35.09,35.121,62.92,0.791,0.822,0.692,0.034,0.022,0.003,0.8,0.84,0.859,1.151,55,9,1,7,2.2,5.2,6.36,5.1,0.77,3.78,0.79,3.98,0.86,4.1,11.579,1.855
13,DyAs225,DyAs,Cubic,NaCl,Fm3(-)m,1.0,555,225,mp-2627,"{'As': 1.0, 'Dy': 1.0}",4.0047051750339655,7.973971455,24.720920935,1.0,1.0,3.593,3.7598,3.593,3.7598,5.6537,10.5475,1.75,1.15,2.28,1.14,0.98,0.46,1.7,0.58,1.92,1.19,1.773,1.39,2.18,1.86,1.07,1.15,3.67,1.415,5.951,9.844,11.71,18.699,23.192,28.444,3.02,3.146,3.047,0.332,0.115,0.288,3.04,2.96,4.6,4.658,66,33,3,5,2.85,6.3,8.34,7.45,1.15,2.27,1.22,2.18,1.1,2.2,3.152,2.152
14,DyN225,DyN,Cubic,NaCl,Fm3(-)m,2.1,555,225,mp-1410,"{'N': 1.0, 'Dy': 1.0}",4.925554335109649,9.888093044,14.82066688,1.0,1.0,3.593,3.861,3.593,3.861,5.6537,6.265,1.75,0.65,2.28,0.56,0.98,0.12,1.7,0.16,1.92,0.71,1.773,0.88,2.18,1.33,1.07,1.03,3.67,0.54,5.951,14.584,11.71,29.702,23.192,47.611,3.02,4.916,3.047,0.058,0.115,0.004,3.04,4.92,4.6,4.634,66,7,3,5,2.85,3.9,8.34,3.83,1.15,2.85,1.22,3.04,1.1,3.07,3.152,1.289
15,ErN225,ErN,Cubic,NaCl,Fm3(-)m,3.0,555,225,mp-19830,"{'N': 1.0, 'Er': 1.0}",5.265385015883301,10.56582947,14.24397262,1.0,1.0,3.5588,3.861,3.5588,3.861,5.5874,6.265,1.75,0.65,2.26,0.56,0.96,0.12,0.89,0.16,1.89,0.71,1.757,0.88,2.15,1.33,1.02,1.03,3.63,0.54,6.121,14.584,11.97,29.702,22.953,47.611,3.298,4.916,2.912,0.058,0.207,0.004,3.29,4.92,4.567,4.634,68,7,3,5,2.85,3.9,8.48,3.83,1.2,2.85,1.24,3.04,1.11,3.07,3.064,1.289
16,ErTe225,ErTe,Cubic,NaCl,Fm3(-)m,0.9,555,225,mp-1280,"{'Te': 1.0, 'Er': 1.0}",4.210876594973401,8.590624795,28.497629245,1.0,1.0,3.5588,4.4572,3.5588,4.4572,5.5874,5.929,1.75,1.4,2.26,1.23,0.96,0.51,0.89,0.97,1.89,1.38,1.757,1.6,2.15,1.82,1.02,1.24,3.63,1.67,6.121,9.04,11.97,18.668,22.953,28.059,3.298,2.046,2.912,1.088,0.207,0.182,3.29,2.23,4.567,3.142,68,52,3,6,2.85,6.95,8.48,10.81,1.2,2.38,1.24,2.1,1.11,2.01,3.064,3.394
17,EuN225,EuN,Cubic,NaCl,Fm3(-)m,1.25,555,225,mp-20340,"{'N': 1.0, 'Eu': 1.0}",4.2743998346410566,8.414486634,16.376568105,1.0,1.0,4.581,3.861,4.581,3.861,4.581,6.265,1.85,0.65,2.31,0.56,1.01,0.12,1.17,0.16,1.98,0.71,1.799,0.88,2.29,1.33,1.1,1.03,3.94,0.54,5.69,14.584,11.294,29.702,25.22,47.611,1.823,4.916,1.83,0.058,0.097,0.004,1.86,4.92,10.27,4.634,63,7,3,5,2.85,3.9,8.11,3.83,1.15,2.85,1.15,3.04,1.01,3.07,4.813,1.289
18,EuO225,EuO,Cubic,NaCl,Fm3(-)m,1.122,555,225,mp-21394,"{'O': 1.0, 'Eu': 1.0}",4.324674403342481,8.49432394,16.417420915,1.0,1.0,4.581,5.403,4.581,3.429,4.581,5.086,1.85,0.6,2.31,0.48,1.01,0.1,1.17,0.1,1.98,0.66,1.799,0.89,2.29,1.2,1.1,0.85,3.94,0.465,5.69,13.665,11.294,35.235,25.22,55.12,1.823,2.592,1.83,0.071,0.097,0.002,1.86,2.6,10.27,4.935,63,8,3,6,2.85,4.55,8.11,4.45,1.15,3.32,1.15,3.44,1.01,3.5,4.813,1.736
19,EuS225,EuS,Cubic,NaCl,Fm3m,2.1,17,225,mp-20587,"{'Eu': 1.0, 'S': 1.0}",3.1651750586888165,6.121755846,24.95912502,1.0,1.0,4.581,10.437,4.581,12.845,4.581,24.369,1.85,1.0,2.31,0.88,1.01,0.32,1.17,0.37,1.98,1.05,1.799,1.27,2.29,1.44,1.1,1.03,3.94,1.1,5.69,10.396,11.294,23.41,25.22,34.954,1.823,2.9,1.83,0.1,0.097,0.018,1.86,2.85,10.27,4.128,63,16,3,6,2.85,5.45,8.11,5.48,1.15,2.65,1.15,2.58,1.01,2.44,4.813,2.552
20,EuSe225,EuSe,Cubic,NaCl,Fm3m,1.8,19,225,mp-21009,"{'Eu': 1.0, 'Se': 1.0}",3.340878412749038,6.603544404,29.034280215,1.0,1.0,4.581,9.054,4.581,9.083,4.581,11.601,1.85,1.15,2.31,1.03,1.01,0.41,1.17,0.5,1.98,1.2,1.799,1.4,2.29,1.77,1.1,1.04,3.94,1.285,5.69,9.785,11.294,21.268,25.22,30.93,1.823,2.362,1.83,0.936,0.097,0.056,1.86,2.25,10.27,3.489,63,34,3,6,2.85,6.95,8.11,8.29,1.15,2.54,1.15,2.55,1.01,2.48,4.813,2.727
21,EuTe225,EuTe,Cubic,NaCl,Fm3m,1.33,19,225,mp-542583,"{'Eu': 1.0, 'Te': 1.0}",3.282893258487472,6.626119475,35.030075895,1.0,1.0,4.581,4.4572,4.581,4.4572,4.581,5.929,1.85,1.4,2.31,1.23,1.01,0.51,1.17,0.97,1.98,1.38,1.799,1.6,2.29,1.82,1.1,1.24,3.94,1.67,5.69,9.04,11.294,18.668,25.22,28.059,1.823,2.046,1.83,1.088,0.097,0.182,1.86,2.23,10.27,3.142,63,52,3,6,2.85,6.95,8.11,10.81,1.15,2.38,1.15,2.1,1.01,2.01,4.813,3.394
22,GdAs225,GdAs,Cubic,NaCl,Fm3(-)m,0.63,555,225,mp-510374,"{'As': 1.0, 'Gd': 1.0}",3.7839832725563136,7.519789139,25.63436279,1.0,1.0,3.636,3.7598,3.636,3.7598,5.7826,10.5475,1.8,1.15,2.33,1.14,1.0,0.46,0.938,0.58,1.96,1.19,1.802,1.39,2.22,1.86,1.09,1.15,3.91,1.415,6.161,9.844,12.334,18.699,20.79,28.444,4.134,3.146,3.13,0.332,0.104,0.288,4.14,2.96,14.083,4.658,64,33,3,5,2.85,6.3,8.22,7.45,1.1,2.27,1.2,2.18,1.11,2.2,3.31,2.152
23,GdN225,GdN,Cubic,NaCl,Fm3(-)m,1.54,555,225,mp-940,"{'N': 1.0, 'Gd': 1.0}",4.57621111533997,9.164618034,15.515018475,1.0,1.0,3.636,3.861,3.636,3.861,5.7826,6.265,1.8,0.65,2.33,0.56,1.0,0.12,0.938,0.16,1.96,0.71,1.802,0.88,2.22,1.33,1.09,1.03,3.91,0.54,6.161,14.584,12.334,29.702,20.79,47.611,4.134,4.916,3.13,0.058,0.104,0.004,4.14,4.92,14.083,4.634,64,7,3,5,2.85,3.9,8.22,3.83,1.1,2.85,1.2,3.04,1.11,3.07,3.31,1.289
24,GdTe225,GdTe,Cubic,NaCl,Fm3(-)m,1.3,555,225,mp-574283,"{'Gd': 1.0, 'Te': 1.0}",3.7943156776564404,7.735898977,30.57204773,1.0,1.0,3.636,4.4572,3.636,4.4572,5.7826,5.929,1.8,1.4,2.33,1.23,1.0,0.51,0.938,0.97,1.96,1.38,1.802,1.6,2.22,1.82,1.09,1.24,3.91,1.67,6.161,9.04,12.334,18.668,20.79,28.059,4.134,2.046,3.13,1.088,0.104,0.182,4.14,2.23,14.083,3.142,64,52,3,6,2.85,6.95,8.22,10.81,1.1,2.38,1.2,2.1,1.11,2.01,3.31,3.394
25,HoN225,HoN,Cubic,NaCl,Fm3(-)m,1.9,555,225,mp-883,"{'N': 1.0, 'Ho': 1.0}",5.096870983550512,10.23272295,14.518711625,1.0,1.0,3.5773,3.861,3.5773,3.861,5.6158,6.265,1.75,0.65,2.26,0.56,0.97,0.12,0.91,0.16,1.92,0.71,1.766,0.88,2.19,1.33,1.04,1.03,3.65,0.54,6.04,14.584,11.846,29.702,23.098,47.611,3.128,4.916,3.151,0.058,0.177,0.004,3.14,4.92,4.578,4.634,67,7,3,5,2.85,3.9,8.44,3.83,1.2,2.85,1.23,3.04,1.1,3.07,3.112,1.289
26,KBr225,KBr,Cubic,NaCl,Fm3(-)m,7.6,555,225,mp-23251,"{'K': 1.0, 'Br': 1.0}",1.4343700853662287,2.624471793,37.647187815,1.0,1.0,5.328,6.7265,5.328,4.6451,5.328,8.7023,2.2,1.1,2.43,0.94,1.33,0.37,1.38,0.39,2.03,1.2,2.376,1.17,4.6,1.6,1.32,1.01,3.69,1.2,4.356,11.855,31.73,21.871,45.874,36.119,0.928,1.164,0.823,0.317,0.024,0.06,0.93,1.22,1.106,1.629,19,35,1,7,2.2,7.6,3.5,9.03,0.8,2.83,0.82,2.96,0.91,2.74,7.572,3.277
27,KCl225,KCl,Cubic,NaCl,Fm3m,8.5,46,225,mp-23193,"{'K': 1.0, 'Cl': 1.0}",1.1071266113009604,1.903571109,32.51660617,1.0,1.0,5.328,6.2235,5.328,4.4561,5.328,8.1785,2.2,1.0,2.43,0.79,1.33,0.28,1.38,0.27,2.03,1.02,2.376,0.91,4.6,1.41,1.32,1.0,3.69,1.01,4.356,13.011,31.73,23.889,45.874,39.749,0.928,1.266,0.823,0.212,0.024,0.033,0.93,1.4,1.106,1.8,19,17,1,7,2.2,6.1,3.5,6.12,0.8,2.98,0.82,3.16,0.91,2.83,7.572,2.886
28,KF225,KF,Cubic,NaCl,Fm3(-)m,10.9,555,225,mp-463,"{'F': 1.0, 'K': 1.0}",1.4037594826697903,2.418272598,19.94643694,1.0,1.0,5.328,5.5,5.328,3.28,5.328,7.28,2.2,0.5,2.43,0.42,1.33,0.09,1.38,0.8,2.03,0.57,2.376,0.75,4.6,1.16,1.32,0.83,3.69,0.405,4.356,17.482,31.73,35.09,45.874,62.92,0.928,0.822,0.823,0.034,0.024,0.003,0.93,0.84,1.106,1.151,19,9,1,7,2.2,5.2,3.5,5.1,0.8,3.78,0.82,3.98,0.91,4.1,7.572,1.855
29,KI225,KI,Cubic,NaCl,Fm3(-)m,6.25,555,225,mp-22898,"{'K': 1.0, 'I': 1.0}",1.5526728516618409,2.972226437,46.371648685,1.0,1.0,5.328,7.1802,5.328,4.7102,5.328,9.8103,2.2,1.4,2.43,1.15,1.33,0.46,1.38,0.95,2.03,1.39,2.376,1.39,4.6,1.69,1.32,1.17,3.69,1.585,4.356,10.487,31.73,19.198,45.874,33.114,0.928,1.111,0.823,0.433,0.024,0.081,0.93,1.11,1.106,1.519,19,53,1,7,2.2,7.6,3.5,11.61,0.8,2.76,0.82,2.66,0.91,2.21,7.572,4.263
30,LaSb225,LaSb,Cubic,NaCl,Fm3(-)m,0.8,555,225,mp-1065,"{'La': 1.0, 'Sb': 1.0}",3.061857914255551,6.135696614,35.27270142,1.0,1.0,3.772,4.307,3.772,4.307,12.144,11.273,1.95,1.45,2.47,1.33,1.06,0.57,1.032,0.76,2.07,1.39,1.877,1.59,2.42,2.15,1.34,1.32,3.08,1.765,5.596,8.67,11.097,16.588,19.25,25.386,4.482,2.728,4.182,1.724,0.066,0.205,4.47,2.75,4.927,4.128,57,51,3,5,2.85,6.3,9.31,9.99,1.35,2.14,1.1,2.05,1.08,1.82,3.741,2.997
31,LiBr225,LiBr,Cubic,NaCl,Fm3(-)m,7.9,555,225,mp-23259,"{'Li': 1.0, 'Br': 1.0}",1.8138805406906575,3.441826701,20.94956043,1.0,1.0,3.51,6.7265,3.51,4.6451,3.51,8.7023,1.45,1.1,1.67,0.94,0.6,0.37,0.76,0.39,1.28,1.2,1.562,1.17,3.06,1.6,1.75,1.01,1.61,1.2,5.41,11.855,75.899,21.871,122.876,36.119,1.658,1.164,1.536,0.317,0.031,0.06,1.63,1.22,1.908,1.629,3,35,1,7,1.3,7.6,1.28,9.03,0.9,2.83,0.98,2.96,0.97,2.74,2.162,3.277
32,LiCl225,LiCl,Cubic,NaCl,Fm3(-)m,9.33,555,225,mp-22905,"{'Li': 1.0, 'Cl': 1.0}",1.1695086843114344,2.058244416,17.101198365,1.0,1.0,3.51,6.2235,3.51,4.4561,3.51,8.1785,1.45,1.0,1.67,0.79,0.6,0.28,0.76,0.27,1.28,1.02,1.562,0.91,3.06,1.41,1.75,1.0,1.61,1.01,5.41,13.011,75.899,23.889,122.876,39.749,1.658,1.266,1.536,0.212,0.031,0.033,1.63,1.4,1.908,1.8,3,17,1,7,1.3,6.1,1.28,6.12,0.9,2.98,0.98,3.16,0.97,2.83,2.162,2.886
33,LiF225,LiF,Cubic,NaCl,Fm3m,12.61,555,225,mp-1138,"{'Li': 1.0, 'F': 1.0}",1.409927317629933,2.530431317,8.511077025,1.0,1.0,3.51,5.5,3.51,3.28,3.51,7.28,1.45,0.5,1.67,0.42,0.6,0.09,0.76,0.8,1.28,0.57,1.562,0.75,3.06,1.16,1.75,0.83,1.61,0.405,5.41,17.482,75.899,35.09,122.876,62.92,1.658,0.822,1.536,0.034,0.031,0.003,1.63,0.84,1.908,1.151,3,9,1,7,1.3,5.2,1.28,5.1,0.9,3.78,0.98,3.98,0.97,4.1,2.162,1.855
34,LiI225,LiI,Cubic,NaCl,Fm3m,6.0,555,225,mp-22899,"{'Li': 1.0, 'I': 1.0}",2.0476489168096106,4.063406218,27.34843827,1.0,1.0,3.51,7.1802,3.51,4.7102,3.51,9.8103,1.45,1.4,1.67,1.15,0.6,0.46,0.76,0.95,1.28,1.39,1.562,1.39,3.06,1.69,1.75,1.17,1.61,1.585,5.41,10.487,75.899,19.198,122.876,33.114,1.658,1.111,1.536,0.433,0.031,0.081,1.63,1.11,1.908,1.519,3,53,1,7,1.3,7.6,1.28,11.61,0.9,2.76,0.98,2.66,0.97,2.21,2.162,4.263
35,MgO225,MgO,Cubic,NaCl,Fm3(-)m,7.4,555,225,mp-1265,"{'O': 1.0, 'Mg': 1.0}",2.074756880559294,3.471432883,9.63968366,1.0,1.0,3.2094,5.403,3.2094,3.429,5.2108,5.086,1.5,0.6,1.45,0.48,0.63,0.1,0.72,0.1,1.41,0.66,1.602,0.89,2.3,1.2,1.09,0.85,2.03,0.465,7.672,13.665,15.09,35.235,80.423,55.12,1.536,2.592,1.327,0.071,0.09,0.002,1.51,2.6,1.594,4.935,12,8,2,6,2.85,4.55,3.31,4.45,1.31,3.32,1.31,3.44,1.23,3.5,2.324,1.736
36,MgSe225,MgSe,Cubic,NaCl,Fm3(-)m,5.6,555,225,mp-10760,"{'Mg': 1.0, 'Se': 1.0}",2.198733558961747,4.098142142,20.921134265,1.0,1.0,3.2094,9.054,3.2094,9.083,5.2108,11.601,1.5,1.15,1.45,1.03,0.63,0.41,0.72,0.5,1.41,1.2,1.602,1.4,2.3,1.77,1.09,1.04,2.03,1.285,7.672,9.785,15.09,21.268,80.423,30.93,1.536,2.362,1.327,0.936,0.09,0.056,1.51,2.25,1.594,3.489,12,34,2,6,2.85,6.95,3.31,8.29,1.31,2.54,1.31,2.55,1.23,2.48,2.324,2.727
37,NaBr225,NaBr,Cubic,NaCl,Fm3(-)m,7.7,555,225,mp-22916,"{'Na': 1.0, 'Br': 1.0}",1.6804107578229457,3.120798965,27.37425941,1.0,1.0,4.2906,6.7265,4.2906,4.6451,4.2906,8.7023,1.8,1.1,1.9,0.94,0.96,0.37,1.02,0.39,1.66,1.2,1.911,1.17,3.73,1.6,1.07,1.01,2.65,1.2,5.156,11.855,47.445,21.871,71.885,36.119,1.116,1.164,1.032,0.317,0.027,0.06,1.11,1.22,1.313,1.629,11,35,1,7,2.2,7.6,2.51,9.03,0.89,2.83,0.93,2.96,1.01,2.74,3.926,3.277
38,NaCl225,NaCl,Cubic,NaCl,Fm3m,8.6,46,225,mp-22862,"{'Na': 1.0, 'Cl': 1.0}",1.2148523221525533,2.105306534,23.04806888,1.0,1.0,4.2906,6.2235,4.2906,4.4561,4.2906,8.1785,1.8,1.0,1.9,0.79,0.96,0.28,1.02,0.27,1.66,1.02,1.911,0.91,3.73,1.41,1.07,1.0,2.65,1.01,5.156,13.011,47.445,23.889,71.885,39.749,1.116,1.266,1.032,0.212,0.027,0.033,1.11,1.4,1.313,1.8,11,17,1,7,2.2,6.1,2.51,6.12,0.89,2.98,0.93,3.16,1.01,2.83,3.926,2.886
39,NaF225,NaF,Cubic,NaCl,Fm3m,10.5,46,225,mp-682,"{'F': 1.0, 'Na': 1.0}",1.5447826333305694,2.692671974,12.94680531,1.0,1.0,4.2906,5.5,4.2906,3.28,4.2906,7.28,1.8,0.5,1.9,0.42,0.96,0.09,1.02,0.8,1.66,0.57,1.911,0.75,3.73,1.16,1.07,0.83,2.65,0.405,5.156,17.482,47.445,35.09,71.885,62.92,1.116,0.822,1.032,0.034,0.027,0.003,1.11,0.84,1.313,1.151,11,9,1,7,2.2,5.2,2.51,5.1,0.89,3.78,0.93,3.98,1.01,4.1,3.926,1.855
40,NaI225,NaI,Cubic,NaCl,Fm3(-)m,5.89,555,225,mp-23268,"{'Na': 1.0, 'I': 1.0}",1.837098290895045,3.572370188,34.83754806,1.0,1.0,4.2906,7.1802,4.2906,4.7102,4.2906,9.8103,1.8,1.4,1.9,1.15,0.96,0.46,1.02,0.95,1.66,1.39,1.911,1.39,3.73,1.69,1.07,1.17,2.65,1.585,5.156,10.487,47.445,19.198,71.885,33.114,1.116,1.111,1.032,0.433,0.027,0.081,1.11,1.11,1.313,1.519,11,53,1,7,2.2,7.6,2.51,11.61,0.89,2.76,0.93,2.66,1.01,2.21,3.926,4.263
41,NdAs225,NdAs,Cubic,NaCl,Fm3(-)m,1.04,555,225,mp-2602,"{'As': 1.0, 'Nd': 1.0}",3.3653603855379295,6.584702379,27.634484675,1.0,1.0,3.658,3.7598,3.658,3.7598,11.799,10.5475,1.85,1.15,2.06,1.14,1.03,0.46,0.983,0.58,2.01,1.19,1.821,1.39,2.37,1.86,1.17,1.15,3.99,1.415,5.509,9.844,10.754,18.699,22.131,28.444,3.407,3.146,3.411,0.332,0.074,0.288,3.4,2.96,4.765,4.658,60,33,3,5,2.85,6.3,9.31,7.45,1.2,2.27,1.14,2.18,1.07,2.2,3.418,2.152
42,PbS225,PbS,Cubic,NaCl,Fm3m,0.41,1,225,mp-21276,"{'Pb': 1.0, 'S': 1.0}",3.617955303913818,7.333906866,27.08712291,1.0,1.0,4.9508,10.437,4.9508,12.845,4.9508,24.369,1.8,1.0,1.54,0.88,0.83,0.32,1.19,0.37,1.46,1.05,1.75,1.27,2.32,1.44,1.43,1.03,2.09,1.1,7.441,10.396,15.08,23.41,32.042,34.954,2.028,2.9,1.849,0.1,0.05,0.018,2.03,2.85,3.715,4.128,82,16,4,6,5.65,5.45,12.29,5.48,1.92,2.65,2.33,2.58,1.55,2.44,3.034,2.552
43,PbSe225,PbSe,Cubic,NaCl,Fm3m,0.29,1,225,mp-2201,"{'Pb': 1.0, 'Se': 1.0}",3.850383765285309,7.886313735,30.126867105,1.0,1.0,4.9508,9.054,4.9508,9.083,4.9508,11.601,1.8,1.15,1.54,1.03,0.83,0.41,1.19,0.5,1.46,1.2,1.75,1.4,2.32,1.77,1.43,1.04,2.09,1.285,7.441,9.785,15.08,21.268,32.042,30.93,2.028,2.362,1.849,0.936,0.05,0.056,2.03,2.25,3.715,3.489,82,34,4,6,5.65,6.95,12.29,8.29,1.92,2.54,2.33,2.55,1.55,2.48,3.034,2.727
44,PrAs225,PrAs,Cubic,NaCl,Fm3(-)m,1.0,555,225,mp-10622,"{'As': 1.0, 'Pr': 1.0}",3.2521948748595926,6.334584447,28.28858772,1.0,1.0,3.6725,3.7598,3.6725,3.7598,11.8354,10.5475,1.85,1.15,2.47,1.14,1.04,0.46,0.99,0.58,2.03,1.19,1.828,1.39,2.39,1.86,1.2,1.15,4.48,1.415,5.439,9.844,10.587,18.699,21.736,28.444,3.698,3.146,3.713,0.332,0.072,0.288,3.7,2.96,4.777,4.658,59,33,3,5,2.85,6.3,7.75,7.45,1.1,2.27,1.13,2.18,1.07,2.2,3.456,2.152
45,PrSb225,PrSb,Cubic,NaCl,Fm3(-)m,0.66,555,225,mp-1785,"{'Sb': 1.0, 'Pr': 1.0}",3.282106929447464,6.507073681,33.51505675,1.0,1.0,3.6725,4.307,3.6725,4.307,11.8354,11.273,1.85,1.45,2.47,1.33,1.04,0.57,0.99,0.76,2.03,1.39,1.828,1.59,2.39,2.15,1.2,1.32,4.48,1.765,5.439,8.67,10.587,16.588,21.736,25.386,3.698,2.728,3.713,1.724,0.072,0.205,3.7,2.75,4.777,4.128,59,51,3,5,2.85,6.3,7.75,9.99,1.1,2.14,1.13,2.05,1.07,1.82,3.456,2.997
46,RbBr225,RbBr,Cubic,NaCl,Fm3(-)m,7.25,555,225,mp-22867,"{'Br': 1.0, 'Rb': 1.0}",1.6593588252410452,3.164378036,43.390253455,1.0,1.0,5.585,6.7265,5.585,4.6451,5.585,8.7023,2.35,1.1,2.65,0.94,1.49,0.37,1.52,0.39,2.2,1.2,2.546,1.17,4.9,1.6,1.43,1.01,4.1,1.2,4.191,11.855,27.373,21.871,40.134,36.119,0.841,1.164,0.787,0.317,0.023,0.06,0.85,1.22,0.969,1.629,37,35,1,7,2.2,7.6,4.98,9.03,0.8,2.83,0.82,2.96,0.89,2.74,9.284,3.277
47,RbCl225,RbCl,Cubic,NaCl,Fm3(-)m,8.29,555,225,mp-23295,"{'Cl': 1.0, 'Rb': 1.0}",1.4371653947614529,2.671979354,37.57396344,1.0,1.0,5.585,6.2235,5.585,4.4561,5.585,8.1785,2.35,1.0,2.65,0.79,1.49,0.28,1.52,0.27,2.2,1.02,2.546,0.91,4.9,1.41,1.43,1.0,4.1,1.01,4.191,13.011,27.373,23.889,40.134,39.749,0.841,1.266,0.787,0.212,0.023,0.033,0.85,1.4,0.969,1.8,37,17,1,7,2.2,6.1,4.98,6.12,0.8,2.98,0.82,3.16,0.89,2.83,9.284,2.886
48,RbF225,RbF,Cubic,NaCl,Fm3(-)m,10.4,555,225,mp-11718,"{'F': 1.0, 'Rb': 1.0}",1.9469606066853349,3.671083293,23.626569455,1.0,1.0,5.585,5.5,5.585,3.28,5.585,7.28,2.35,0.5,2.65,0.42,1.49,0.09,1.52,0.8,2.2,0.57,2.546,0.75,4.9,1.16,1.43,0.83,4.1,0.405,4.191,17.482,27.373,35.09,40.134,62.92,0.841,0.822,0.787,0.034,0.023,0.003,0.85,0.84,0.969,1.151,37,9,1,7,2.2,5.2,4.98,5.1,0.8,3.78,0.82,3.98,0.89,4.1,9.284,1.855
49,RbI225,RbI,Cubic,NaCl,Fm3(-)m,5.83,555,225,mp-22903,"{'Rb': 1.0, 'I': 1.0}",1.7149863319352787,3.359967353,52.47855235,1.0,1.0,5.585,7.1802,5.585,4.7102,5.585,9.8103,2.35,1.4,2.65,1.15,1.49,0.46,1.52,0.95,2.2,1.39,2.546,1.39,4.9,1.69,1.43,1.17,4.1,1.585,4.191,10.487,27.373,19.198,40.134,33.114,0.841,1.111,0.787,0.433,0.023,0.081,0.85,1.11,0.969,1.519,37,53,1,7,2.2,7.6,4.98,11.61,0.8,2.76,0.82,2.66,0.89,2.21,9.284,4.263
50,ScN225,ScN,Cubic,NaCl,Fm3(-)m,2.6,555,225,mp-2857,"{'N': 1.0, 'Sc': 1.0}",2.4283987064213233,4.245782773,11.530231805,1.0,1.0,3.309,3.861,3.309,3.861,5.2733,6.265,1.6,0.65,1.84,0.56,0.8,0.12,0.745,0.16,1.7,0.71,1.941,0.88,2.21,1.33,1.1,1.03,2.75,0.54,6.562,14.584,12.844,29.702,24.846,47.611,3.929,4.916,3.911,0.058,0.166,0.004,3.9,4.92,6.335,4.634,21,7,3,5,3.0,3.9,4.63,3.83,1.5,2.85,1.36,3.04,1.2,3.07,2.5,1.289
51,SmAs225,SmAs,Cubic,NaCl,Fm3(-)m,1.03,555,225,mp-1738,"{'As': 1.0, 'Sm': 1.0}",3.5838206931483296,7.056144797,26.50802262,1.0,1.0,3.621,3.7598,3.621,3.7598,26.25,10.5475,1.85,1.15,2.38,1.14,1.01,0.46,0.958,0.58,1.98,1.19,1.802,1.39,2.33,1.86,1.11,1.15,4.14,1.415,5.649,9.844,11.107,18.699,23.764,28.444,2.15,3.146,1.714,0.332,0.088,0.288,2.14,2.96,4.716,4.658,62,33,3,5,2.85,6.3,8.01,7.45,1.2,2.27,1.17,2.18,1.07,2.2,3.318,2.152
52,SmP225,SmP,Cubic,NaCl,Fm3(-)m,1.09,555,225,mp-710,"{'P': 1.0, 'Sm': 1.0}",3.1390132468890615,6.137622733,24.53000161,1.0,1.0,3.621,11.45,3.621,5.503,26.25,11.261,1.85,1.0,2.38,0.98,1.01,0.36,0.958,0.44,1.98,1.07,1.802,1.28,2.33,1.54,1.11,1.09,4.14,1.24,5.649,10.522,11.107,19.791,23.764,30.285,2.15,3.272,1.714,0.54,0.088,0.007,2.14,3.43,4.716,5.405,62,15,3,5,2.85,4.8,8.01,4.89,1.2,2.32,1.17,2.19,1.07,2.06,3.318,1.899
53,SmS225,SmS,Cubic,NaCl,Fm3m,0.22,11,225,mp-1269,"{'S': 1.0, 'Sm': 1.0}",3.42193366017902,6.644777341,22.794129795,1.0,1.0,3.621,10.437,3.621,12.845,26.25,24.369,1.85,1.0,2.38,0.88,1.01,0.32,0.958,0.37,1.98,1.05,1.802,1.27,2.33,1.44,1.11,1.03,4.14,1.1,5.649,10.396,11.107,23.41,23.764,34.954,2.15,2.9,1.714,0.1,0.088,0.018,2.14,2.85,4.716,4.128,62,16,3,6,2.85,5.45,8.01,5.48,1.2,2.65,1.17,2.58,1.07,2.44,3.318,2.552
54,SmSb225,SmSb,Cubic,NaCl,Fm3(-)m,0.59,555,225,mp-2281,"{'Sb': 1.0, 'Sm': 1.0}",3.57150715418072,7.140894849,31.639303835,1.0,1.0,3.621,4.307,3.621,4.307,26.25,11.273,1.85,1.45,2.38,1.33,1.01,0.57,0.958,0.76,1.98,1.39,1.802,1.59,2.33,2.15,1.11,1.32,4.14,1.765,5.649,8.67,11.107,16.588,23.764,25.386,2.15,2.728,1.714,1.724,0.088,0.205,2.14,2.75,4.716,4.128,62,51,3,5,2.85,6.3,8.01,9.99,1.2,2.14,1.17,2.05,1.07,1.82,3.318,2.997
55,SmSe225,SmSe,Cubic,NaCl,Fm3(-)m,0.46,555,225,mp-1447,"{'Se': 1.0, 'Sm': 1.0}",3.7325111491522294,7.402712936,25.719949965,1.0,1.0,3.621,9.054,3.621,9.083,26.25,11.601,1.85,1.15,2.38,1.03,1.01,0.41,0.958,0.5,1.98,1.2,1.802,1.4,2.33,1.77,1.11,1.04,4.14,1.285,5.649,9.785,11.107,21.268,23.764,30.93,2.15,2.362,1.714,0.936,0.088,0.056,2.14,2.25,4.716,3.489,62,34,3,6,2.85,6.95,8.01,8.29,1.2,2.54,1.17,2.55,1.07,2.48,3.318,2.727
56,SmTe225,SmTe,Cubic,NaCl,Fm3m,0.35,19,225,mp-342,"{'Te': 1.0, 'Sm': 1.0}",3.6738103493188525,7.437265402,31.03045317,1.0,1.0,3.621,4.4572,3.621,4.4572,26.25,5.929,1.85,1.4,2.38,1.23,1.01,0.51,0.958,0.97,1.98,1.38,1.802,1.6,2.33,1.82,1.11,1.24,4.14,1.67,5.649,9.04,11.107,18.668,23.764,28.059,2.15,2.046,1.714,1.088,0.088,0.182,2.14,2.23,4.716,3.142,62,52,3,6,2.85,6.95,8.01,10.81,1.2,2.38,1.17,2.1,1.07,2.01,3.318,3.394
57,SnTe225,SnTe,Cubic,NaCl,Fm3m,0.26,4,225,mp-1883,"{'Sn': 1.0, 'Te': 1.0}",3.0877826520253375,6.190813061,33.03341313,1.0,1.0,5.8318,4.4572,5.8318,4.4572,3.1819,5.929,1.45,1.4,1.45,1.23,0.65,0.51,0.69,0.97,1.39,1.38,1.623,1.6,2.3,1.82,1.41,1.24,1.88,1.67,7.369,9.04,14.685,18.668,30.607,28.059,3.142,2.046,3.08,1.088,0.073,0.182,3.14,2.23,4.009,3.142,50,52,4,6,5.65,6.95,9.1,10.81,1.88,2.38,1.96,2.1,1.72,2.01,2.705,3.394
58,SrO225,SrO,Cubic,NaCl,Fm3(-)m,5.7,555,225,mp-2472,"{'O': 1.0, 'Sr': 1.0}",2.6079378113281217,4.877525712,17.638457405,1.0,1.0,6.0849,5.403,6.0849,3.429,6.0849,5.086,2.0,0.6,2.19,0.48,1.11,0.1,1.18,0.1,1.95,0.66,2.151,0.89,2.92,1.2,1.39,0.85,3.21,0.465,5.715,13.665,11.066,35.235,43.753,55.12,1.71,2.592,1.606,0.071,0.083,0.002,1.72,2.6,1.686,4.935,38,8,2,6,2.85,4.55,6.07,4.45,1.13,3.32,0.95,3.44,0.99,3.5,5.632,1.736
59,SrS225,SrS,Cubic,NaCl,Fm3(-)m,4.76,555,225,mp-1087,"{'S': 1.0, 'Sr': 1.0}",1.9378616223163057,3.566053226,27.86576677,1.0,1.0,6.0849,10.437,6.0849,12.845,6.0849,24.369,2.0,1.0,2.19,0.88,1.11,0.32,1.18,0.37,1.95,1.05,2.151,1.27,2.92,1.44,1.39,1.03,3.21,1.1,5.715,10.396,11.066,23.41,43.753,34.954,1.71,2.9,1.606,0.1,0.083,0.018,1.72,2.85,1.686,4.128,38,16,2,6,2.85,5.45,6.07,5.48,1.13,2.65,0.95,2.58,0.99,2.44,5.632,2.552
60,SrSe225,SrSe,Cubic,NaCl,Fm3(-)m,4.42,555,225,mp-2758,"{'Se': 1.0, 'Sr': 1.0}",2.2993482136458816,4.416865779,31.313221535,1.0,1.0,6.0849,9.054,6.0849,9.083,6.0849,11.601,2.0,1.15,2.19,1.03,1.11,0.41,1.18,0.5,1.95,1.2,2.151,1.4,2.92,1.77,1.39,1.04,3.21,1.285,5.715,9.785,11.066,21.268,43.753,30.93,1.71,2.362,1.606,0.936,0.083,0.056,1.72,2.25,1.686,3.489,38,34,2,6,2.85,6.95,6.07,8.29,1.13,2.54,0.95,2.55,0.99,2.48,5.632,2.727
61,SrTe225,SrTe,Cubic,NaCl,Fm3(-)m,3.77,555,225,mp-1958,"{'Sr': 1.0, 'Te': 1.0}",2.3682117133107536,4.701968738,38.00335903,1.0,1.0,6.0849,4.4572,6.0849,4.4572,6.0849,5.929,2.0,1.4,2.19,1.23,1.11,0.51,1.18,0.97,1.95,1.38,2.151,1.6,2.92,1.82,1.39,1.24,3.21,1.67,5.715,9.04,11.066,18.668,43.753,28.059,1.71,2.046,1.606,1.088,0.083,0.182,1.72,2.23,1.686,3.142,38,52,2,6,2.85,6.95,6.07,10.81,1.13,2.38,0.95,2.1,0.99,2.01,5.632,3.394
62,TlBr225,TlBr,Cubic,NaCl,Fm3(-)m,3.3,8,225,mp-568560,"{'Tl': 1.0, 'Br': 1.0}",2.9761141979926307,6.055753044,38.97699896,1.0,1.0,3.4566,6.7265,3.4566,4.6451,5.5248,8.7023,1.9,1.1,1.56,0.94,0.9,0.37,1.45,0.39,1.45,1.2,1.716,1.17,2.29,1.6,1.53,1.01,2.235,1.2,6.129,11.855,20.498,21.871,29.921,36.119,1.895,1.164,1.727,0.317,0.044,0.06,1.88,1.22,2.367,1.629,81,35,3,7,5.0,7.6,12.25,9.03,1.69,2.83,1.62,2.96,1.44,2.74,2.841,3.277
63,TlCl225,TlCl,Cubic,NaCl,Fm3(-)m,3.75,8,225,mp-569639,"{'Tl': 1.0, 'Cl': 1.0}",2.81339940144411,5.716620014,34.8333052,1.0,1.0,3.4566,6.2235,3.4566,4.4561,5.5248,8.1785,1.9,1.0,1.56,0.79,0.9,0.28,1.45,0.27,1.45,1.02,1.716,0.91,2.29,1.41,1.53,1.0,2.235,1.01,6.129,13.011,20.498,23.889,29.921,39.749,1.895,1.266,1.727,0.212,0.044,0.033,1.88,1.4,2.367,1.8,81,17,3,7,5.0,6.1,12.25,6.12,1.69,2.98,1.62,3.16,1.44,2.83,2.841,2.886
64,TlI225,TlI,Cubic,NaCl,Fm3m,2.7778,8,225,mp-571102,"{'Tl': 1.0, 'I': 1.0}",2.947447253898279,6.050144424,45.46306972,1.0,1.0,3.4566,7.1802,3.4566,4.7102,5.5248,9.8103,1.9,1.4,1.56,1.15,0.9,0.46,1.45,0.95,1.45,1.39,1.716,1.39,2.29,1.69,1.53,1.17,2.235,1.585,6.129,10.487,20.498,19.198,29.921,33.114,1.895,1.111,1.727,0.433,0.044,0.081,1.88,1.11,2.367,1.519,81,53,3,7,5.0,7.6,12.25,11.61,1.69,2.76,1.62,2.66,1.44,2.21,2.841,4.263
65,TmAs225,TmAs,Cubic,NaCl,Fm3(-)m,1.18,555,225,mp-1101,"{'As': 1.0, 'Tm': 1.0}",4.290169534844017,8.515820234,23.77528421,1.0,1.0,3.5375,3.7598,3.5375,3.7598,5.5546,10.5475,1.75,1.15,2.22,1.14,0.95,0.46,1.3,0.58,1.9,1.19,1.746,1.39,2.03,1.86,1.01,1.15,3.6,1.415,6.202,9.844,12.095,18.699,23.972,28.444,2.415,3.146,2.569,0.332,0.175,0.288,2.42,2.96,4.478,4.658,69,33,3,5,2.85,6.3,8.58,7.45,1.2,2.27,1.25,2.18,1.11,2.2,3.01,2.152
66,YbAs225,YbAs,Cubic,NaCl,Fm3(-)m,1.02,555,225,mp-600,"{'As': 1.0, 'Yb': 1.0}",3.8722083958076956,7.739715954,26.599808035,1.0,1.0,5.4847,3.7598,5.4847,3.7598,5.4847,10.5475,1.75,1.15,2.22,1.14,0.94,0.46,1.2,0.58,1.87,1.19,1.74,1.39,1.99,1.86,1.0,1.15,3.59,1.415,6.275,9.844,12.21,18.699,25.043,28.444,1.584,3.146,1.654,0.332,0.08,0.288,1.6,2.96,1.529,4.658,70,33,3,5,2.85,6.3,8.59,7.45,1.1,2.27,1.1,2.18,1.06,2.2,4.128,2.152
67,YbS225,YbS,Cubic,NaCl,Fm3m,1.1,19,225,mp-1820,"{'S': 1.0, 'Yb': 1.0}",3.786740889253881,7.498294273,22.71082245,1.0,1.0,5.4847,10.437,5.4847,12.845,5.4847,24.369,1.75,1.0,2.22,0.88,0.94,0.32,1.2,0.37,1.87,1.05,1.74,1.27,1.99,1.44,1.0,1.03,3.59,1.1,6.275,10.396,12.21,23.41,25.043,34.954,1.584,2.9,1.654,0.1,0.08,0.018,1.6,2.85,1.529,4.128,70,16,3,6,2.85,5.45,8.59,5.48,1.1,2.65,1.1,2.58,1.06,2.44,4.128,2.552
68,YbSb225,YbSb,Cubic,NaCl,Fm3(-)m,1.0,555,225,mp-1916,"{'Sb': 1.0, 'Yb': 1.0}",3.7254152751157243,7.535913324,32.479600545,1.0,1.0,5.4847,4.307,5.4847,4.307,5.4847,11.273,1.75,1.45,2.22,1.33,0.94,0.57,1.2,0.76,1.87,1.39,1.74,1.59,1.99,2.15,1.0,1.32,3.59,1.765,6.275,8.67,12.21,16.588,25.043,25.386,1.584,2.728,1.654,1.724,0.08,0.205,1.6,2.75,1.529,4.128,70,51,3,5,2.85,6.3,8.59,9.99,1.1,2.14,1.1,2.05,1.06,1.82,4.128,2.997
69,YbSe225,YbSe,Cubic,NaCl,Fm3m,1.5,19,225,mp-286,"{'Se': 1.0, 'Yb': 1.0}",4.018597993460196,8.084643227,25.879672505,1.0,1.0,5.4847,9.054,5.4847,9.083,5.4847,11.601,1.75,1.15,2.22,1.03,0.94,0.41,1.2,0.5,1.87,1.2,1.74,1.4,1.99,1.77,1.0,1.04,3.59,1.285,6.275,9.785,12.21,21.268,25.043,30.93,1.584,2.362,1.654,0.936,0.08,0.056,1.6,2.25,1.529,3.489,70,34,3,6,2.85,6.95,8.59,8.29,1.1,2.54,1.1,2.55,1.06,2.48,4.128,2.727
70,YbTe225,YbTe,Cubic,NaCl,Fm3m,0.95,1,225,mp-1779,"{'Te': 1.0, 'Yb': 1.0}",3.792851130569653,7.760180516,32.165776035,1.0,1.0,5.4847,4.4572,5.4847,4.4572,5.4847,5.929,1.75,1.4,2.22,1.23,0.94,0.51,1.2,0.97,1.87,1.38,1.74,1.6,1.99,1.82,1.0,1.24,3.59,1.67,6.275,9.04,12.21,18.668,25.043,28.059,1.584,2.046,1.654,1.088,0.08,0.182,1.6,2.23,1.529,3.142,70,52,3,6,2.85,6.95,8.59,10.81,1.1,2.38,1.1,2.1,1.06,2.01,4.128,3.394
71,YN225,YN,Cubic,NaCl,Fm3(-)m,1.9,555,225,mp-2114,"{'N': 1.0, 'Y': 1.0}",3.0916526812201113,5.742755172,14.878773505,1.0,1.0,3.6474,3.861,3.6474,3.861,5.7306,6.265,1.8,0.65,2.12,0.56,0.93,0.12,0.9,0.16,1.9,0.71,1.801,0.88,2.42,1.33,1.22,1.03,2.94,0.54,6.402,14.584,12.282,29.702,20.592,47.611,4.382,4.916,3.821,0.058,0.119,0.004,4.37,4.92,6.467,4.634,39,7,3,5,3.0,3.9,6.26,3.83,1.41,2.85,1.22,3.04,1.11,3.07,3.318,1.289
72,AgI186,AgI,Hexagonal,wurtzite,P63mc,2.919,555,186,mp-22894,"{'Ag': 2.0, 'I': 2.0}",2.733892154331315,5.329028127,36.577887625,1.0,1.0,4.0853,7.1802,4.0853,4.7102,4.0853,9.8103,1.6,1.4,1.65,1.15,1.12,0.46,1.15,0.95,1.45,1.39,1.445,1.39,2.9,1.69,1.3,1.17,2.375,1.585,7.602,10.487,21.57,19.198,34.954,33.114,2.96,1.111,2.68,0.433,0.118,0.081,2.95,1.11,2.832,1.519,47,53,11,7,4.2,7.6,8.03,11.61,1.07,2.76,1.93,2.66,1.42,2.21,1.706,4.263
73,AlN186,AlN,Hexagonal,wurtzite,P63mc,5.88,555,186,mp-661,"{'N': 2.0, 'Al': 2.0}",1.8811453184720897,3.20088964,10.63182084,1.0,1.0,4.0495,3.861,4.0495,3.861,4.0495,6.265,1.25,0.65,1.18,0.56,0.5,0.12,0.535,0.16,1.21,0.71,1.432,0.88,2.01,1.33,1.25,1.03,1.675,0.54,6.007,14.584,18.897,29.702,28.548,47.611,3.395,4.916,3.024,0.058,0.111,0.004,3.39,4.92,3.748,4.634,13,7,3,5,3.5,3.9,4.07,3.83,1.64,2.85,1.61,3.04,1.47,3.07,1.66,1.289
74,BN186,BN,Hexagonal,wurtzite,P63mc,3.4,1,186,mp-2653,"{'B': 2.0, 'N': 2.0}",2.010336766337963,3.451979394,5.96914915,1.0,1.0,5.06,3.861,5.06,3.861,5.06,6.265,0.85,0.65,0.87,0.56,0.2,0.12,0.27,0.16,0.85,0.71,0.98,0.88,1.51,1.33,1.16,1.03,0.795,0.54,8.326,14.584,25.241,29.702,38.064,47.611,5.852,4.916,5.247,0.058,0.52,0.004,5.77,4.92,6.678,4.634,5,7,3,5,2.6,3.9,2.42,3.83,1.9,2.85,2.04,3.04,2.01,3.07,0.789,1.289
75,GaN186,GaN,Hexagonal,wurtzite,P63mc,3.39,555,186,mp-804,"{'N': 2.0, 'Ga': 2.0}",3.2379813604819048,5.92364983,11.73570684,1.0,1.0,4.5197,3.861,7.6633,3.861,4.526,6.265,1.3,0.65,1.36,0.56,0.63,0.12,0.62,0.16,1.22,0.71,1.411,0.88,2.0,1.33,1.38,1.03,1.695,0.54,6.02,14.584,20.582,29.702,30.815,47.611,2.881,4.916,2.811,0.058,0.058,0.004,2.81,4.92,3.037,4.634,31,7,3,5,5.0,3.9,6.22,3.83,1.7,2.85,1.81,3.04,1.82,3.07,1.947,1.289
76,InN186,InN,Hexagonal,wurtzite,P63mc,2.05,5,186,mp-22205,"{'N': 2.0, 'In': 2.0}",3.477455086524033,6.641890893,16.1037306325,1.0,1.0,3.2523,3.861,3.2523,3.861,4.9461,6.265,1.55,0.65,1.56,0.56,0.76,0.12,0.8,0.16,1.42,0.71,1.663,0.88,2.3,1.33,1.49,1.03,2.05,0.54,5.806,14.584,18.938,29.702,28.132,47.611,2.53,4.916,2.411,0.058,0.034,0.004,2.52,4.92,2.722,4.634,49,7,3,5,5.0,3.9,8.47,3.83,1.63,2.85,1.78,3.04,1.49,3.07,2.617,1.289
77,MgTe186,MgTe,Hexagonal,wurtzite,P63mc,3.6,555,186,mp-1039,"{'Mg': 2.0, 'Te': 2.0}",1.8515596592900228,3.64879026,34.565453875,1.0,1.0,3.2094,4.4572,3.2094,4.4572,5.2108,5.929,1.5,1.4,1.45,1.23,0.63,0.51,0.72,0.97,1.41,1.38,1.602,1.6,2.3,1.82,1.09,1.24,2.03,1.67,7.672,9.04,15.09,18.668,80.423,28.059,1.536,2.046,1.327,1.088,0.09,0.182,1.51,2.23,1.594,3.142,12,52,2,6,2.85,6.95,3.31,10.81,1.31,2.38,1.31,2.1,1.23,2.01,2.324,3.394
78,MnS186,MnS,Hexagonal,wurtzite,P63mc,2.8,19,186,mp-2562,"{'Mn': 2.0, 'S': 2.0}",1.9249172787486448,3.391421443,21.2996165875,1.0,1.0,8.9125,10.437,8.9125,12.845,8.9125,24.369,1.4,1.0,1.61,0.88,0.6,0.32,0.67,0.37,1.39,1.05,1.304,1.27,1.26,1.44,0.79,1.03,2.22,1.1,7.461,10.396,15.694,23.41,33.779,34.954,2.919,2.9,2.293,0.1,0.137,0.018,2.92,2.85,9.159,4.128,25,16,7,6,3.6,5.45,5.23,5.48,2.04,2.65,1.55,2.58,1.6,2.44,1.22,2.552
79,SiC186,SiC,Hexagonal,wurtzite,P63mc,3.33,1,186,mp-7140,"{'C': 2.0, 'Si': 2.0}",1.9045121089536943,3.170122562,10.50137718,1.0,1.0,5.4309,2.464,5.4309,2.464,5.4309,6.711,1.1,0.7,1.11,0.67,0.42,0.15,0.4,0.16,1.11,0.76,1.319,0.916,1.91,1.41,1.18,1.0,1.42,0.64,8.18,11.299,16.401,24.471,33.613,48.048,4.738,7.454,3.986,7.393,0.522,1.092,4.63,7.37,5.425,9.224,14,6,4,4,4.15,3.25,4.29,3.14,1.98,2.37,1.9,2.55,1.74,2.5,2.002,0.882
80,ZnO186,ZnO,Hexagonal,wurtzite,P63mc,3.25,1,186,mp-2133,"{'O': 2.0, 'Zn': 2.0}",3.057198388766744,5.437863971,12.4296807625,1.0,1.0,2.6649,5.403,2.6649,3.429,4.9468,5.086,1.35,0.6,1.42,0.48,0.78,0.1,0.74,0.1,1.22,0.66,1.394,0.89,2.21,1.2,1.25,0.85,1.88,0.465,9.427,13.665,18.023,35.235,39.863,55.12,1.359,2.592,1.188,0.071,0.076,0.002,1.35,2.6,1.273,4.935,30,8,12,6,4.35,4.55,5.97,4.45,1.44,3.32,1.65,3.44,1.66,3.5,1.521,1.736
81,ZnS186,ZnS,Hexagonal,wurtzite,P63mc,3.704,555,186,mp-560588,"{'Zn': 2.0, 'S': 2.0}",2.2708532558462284,3.995205494,20.2567030175,1.0,1.0,2.6649,10.437,2.6649,12.845,4.9468,24.369,1.35,1.0,1.42,0.88,0.78,0.32,0.74,0.37,1.22,1.05,1.394,1.27,2.21,1.44,1.25,1.03,1.88,1.1,9.427,10.396,18.023,23.41,39.863,34.954,1.359,2.9,1.188,0.1,0.076,0.018,1.35,2.85,1.273,4.128,30,16,12,6,4.35,5.45,5.97,5.48,1.44,2.65,1.65,2.58,1.66,2.44,1.521,2.552
82,ZnSe186,ZnSe,Hexagonal,wurtzite,P63mc,2.795,555,186,mp-380,"{'Zn': 2.0, 'Se': 2.0}",2.700295770747747,5.057366242,23.7011073725,1.0,1.0,2.6649,9.054,2.6649,9.083,4.9468,11.601,1.35,1.15,1.42,1.03,0.78,0.41,0.74,0.5,1.22,1.2,1.394,1.4,2.21,1.77,1.25,1.04,1.88,1.285,9.427,9.785,18.023,21.268,39.863,30.93,1.359,2.362,1.188,0.936,0.076,0.056,1.35,2.25,1.273,3.489,30,34,12,6,4.35,6.95,5.97,8.29,1.44,2.54,1.65,2.55,1.66,2.48,1.521,2.727
83,AlAs216,AlAs,Cubic,ZnS,F4(-)3m,2.228,555,216,mp-2172,"{'Al': 1.0, 'As': 1.0}",1.9522272763438895,3.590700647,23.56283029,1.0,1.0,4.0495,3.7598,4.0495,3.7598,4.0495,10.5475,1.25,1.15,1.18,1.14,0.5,0.46,0.535,0.58,1.21,1.19,1.432,1.39,2.01,1.86,1.25,1.15,1.675,1.415,6.007,9.844,18.897,18.699,28.548,28.444,3.395,3.146,3.024,0.332,0.111,0.288,3.39,2.96,3.748,4.658,13,33,3,5,3.5,6.3,4.07,7.45,1.64,2.27,1.61,2.18,1.47,2.2,1.66,2.152
84,AlP216,AlP,Cubic,ZnS,F4(-)3m,2.45,555,216,mp-1550,"{'Al': 1.0, 'P': 1.0}",1.3411461197020824,2.304784495,20.877665445,1.0,1.0,4.0495,11.45,4.0495,5.503,4.0495,11.261,1.25,1.0,1.18,0.98,0.5,0.36,0.535,0.44,1.21,1.07,1.432,1.28,2.01,1.54,1.25,1.09,1.675,1.24,6.007,10.522,18.897,19.791,28.548,30.285,3.395,3.272,3.024,0.54,0.111,0.007,3.39,3.43,3.748,5.405,13,15,3,5,3.5,4.8,4.07,4.89,1.64,2.32,1.61,2.19,1.47,2.06,1.66,1.899
85,AlSb216,AlSb,Cubic,ZnS,F4(-)3m,1.62,555,216,mp-2624,"{'Al': 1.0, 'Sb': 1.0}",2.113584555123002,4.07841126,30.28031211,1.0,1.0,4.0495,4.307,4.0495,4.307,4.0495,11.273,1.25,1.45,1.18,1.33,0.5,0.57,0.535,0.76,1.21,1.39,1.432,1.59,2.01,2.15,1.25,1.32,1.675,1.765,6.007,8.67,18.897,16.588,28.548,25.386,3.395,2.728,3.024,1.724,0.111,0.205,3.39,2.75,3.748,4.128,13,51,3,5,3.5,6.3,4.07,9.99,1.64,2.14,1.61,2.05,1.47,1.82,1.66,2.997
86,BeS216,BeS,Cubic,ZnS,F4(-)3m,4.17,555,216,mp-422,"{'Be': 1.0, 'S': 1.0}",1.381415590748774,2.355668066,14.47790233,1.0,1.0,2.2858,10.437,2.2858,12.845,3.5843,24.369,1.05,1.0,1.12,0.88,0.3,0.32,0.45,0.37,0.96,1.05,1.128,1.27,1.8,1.44,1.33,1.03,1.08,1.1,9.354,10.396,18.273,23.41,154.419,34.954,3.373,2.9,3.212,0.1,0.083,0.018,3.32,2.85,3.743,4.128,4,16,2,6,1.95,5.45,1.91,5.48,1.45,2.65,1.57,2.58,1.47,2.44,0.811,2.552
87,BeSe216,BeSe,Cubic,ZnS,F4(-)3m,3.61,555,216,mp-1541,"{'Be': 1.0, 'Se': 1.0}",2.1824232199152807,4.194882841,17.411838205,1.0,1.0,2.2858,9.054,2.2858,9.083,3.5843,11.601,1.05,1.15,1.12,1.03,0.3,0.41,0.45,0.5,0.96,1.2,1.128,1.4,1.8,1.77,1.33,1.04,1.08,1.285,9.354,9.785,18.273,21.268,154.419,30.93,3.373,2.362,3.212,0.936,0.083,0.056,3.32,2.25,3.743,3.489,4,34,2,6,1.95,6.95,1.91,8.29,1.45,2.54,1.57,2.55,1.47,2.48,0.811,2.727
88,BeTe216,BeTe,Cubic,ZnS,F4(-)3m,2.89,555,216,mp-252,"{'Be': 1.0, 'Te': 1.0}",2.4612403031016203,4.985107339,22.75275597,1.0,1.0,2.2858,4.4572,2.2858,4.4572,3.5843,5.929,1.05,1.4,1.12,1.23,0.3,0.51,0.45,0.97,0.96,1.38,1.128,1.6,1.8,1.82,1.33,1.24,1.08,1.67,9.354,9.04,18.273,18.668,154.419,28.059,3.373,2.046,3.212,1.088,0.083,0.182,3.32,2.23,3.743,3.142,4,52,2,6,1.95,6.95,1.91,10.81,1.45,2.38,1.57,2.1,1.47,2.01,0.811,3.394
89,BN216,BN,Cubic,ZnS,F4(-)3m,3.4,1,216,mp-1639,"{'B': 1.0, 'N': 1.0}",2.0136637404818365,3.457692191,5.959286925,1.0,1.0,5.06,3.861,5.06,3.861,5.06,6.265,0.85,0.65,0.87,0.56,0.2,0.12,0.27,0.16,0.85,0.71,0.98,0.88,1.51,1.33,1.16,1.03,0.795,0.54,8.326,14.584,25.241,29.702,38.064,47.611,5.852,4.916,5.247,0.058,0.52,0.004,5.77,4.92,6.678,4.634,5,7,3,5,2.6,3.9,2.42,3.83,1.9,2.85,2.04,3.04,2.01,3.07,0.789,1.289
90,BP216,BP,Cubic,ZnS,F4(-)3m,2.0,1,216,mp-1479,"{'B': 1.0, 'P': 1.0}",1.7021498490896283,2.952601408,11.749846825,1.0,1.0,5.06,11.45,5.06,5.503,5.06,11.261,0.85,1.0,0.87,0.98,0.2,0.36,0.27,0.44,0.85,1.07,0.98,1.28,1.51,1.54,1.16,1.09,0.795,1.24,8.326,10.522,25.241,19.791,38.064,30.285,5.852,3.272,5.247,0.54,0.52,0.007,5.77,3.43,6.678,5.405,5,15,3,5,2.6,4.8,2.42,4.89,1.9,2.32,2.04,2.19,2.01,2.06,0.789,1.899
91,CdS216,CdS,Cubic,ZnS,F4(-)3m,2.44,34,216,mp-2469,"{'S': 1.0, 'Cd': 1.0}",2.4418984181361063,4.576805151,26.20911645,1.0,1.0,2.9794,10.437,2.9794,12.845,5.6186,24.369,1.55,1.0,1.61,0.88,0.93,0.32,0.95,0.37,1.44,1.05,1.568,1.27,2.4,1.44,1.39,1.03,2.215,1.1,9.024,10.396,16.962,23.41,37.606,34.954,1.165,2.9,1.04,0.1,0.066,0.018,1.16,2.85,0.915,4.128,48,16,12,6,4.35,5.45,8.19,5.48,1.4,2.65,1.69,2.58,1.46,2.44,2.144,2.552
92,CdSe216,CdSe,Cubic,ZnS,F4(-)3m,1.74,46,216,mp-2691,"{'Se': 1.0, 'Cd': 1.0}",2.7354854263419415,5.300487005,29.97639805,1.0,1.0,2.9794,9.054,2.9794,9.083,5.6186,11.601,1.55,1.15,1.61,1.03,0.93,0.41,0.95,0.5,1.44,1.2,1.568,1.4,2.4,1.77,1.39,1.04,2.215,1.285,9.024,9.785,16.962,21.268,37.606,30.93,1.165,2.362,1.04,0.936,0.066,0.056,1.16,2.25,0.915,3.489,48,34,12,6,4.35,6.95,8.19,8.29,1.4,2.54,1.69,2.55,1.46,2.48,2.144,2.727
93,CdTe216,CdTe,Cubic,ZnS,F4(-)3m,1.5,1,216,mp-406,"{'Cd': 1.0, 'Te': 1.0}",2.7462263847504813,5.472510161,36.413603975,1.0,1.0,2.9794,4.4572,2.9794,4.4572,5.6186,5.929,1.55,1.4,1.61,1.23,0.93,0.51,0.95,0.97,1.44,1.38,1.568,1.6,2.4,1.82,1.39,1.24,2.215,1.67,9.024,9.04,16.962,18.668,37.606,28.059,1.165,2.046,1.04,1.088,0.066,0.182,1.16,2.23,0.915,3.142,48,52,12,6,4.35,6.95,8.19,10.81,1.4,2.38,1.69,2.1,1.46,2.01,2.144,3.394
94,CuBr216,CuBr,Cubic,ZnS,F4(-)3m,2.987,555,216,mp-22913,"{'Cu': 1.0, 'Br': 1.0}",2.766116700184128,5.147663767,23.13712939,1.0,1.0,3.6149,6.7265,3.6149,4.6451,3.6149,8.7023,1.35,1.1,1.45,0.94,0.96,0.37,0.77,0.39,1.32,1.2,1.278,1.17,2.55,1.6,1.12,1.01,2.04,1.2,7.752,11.855,20.363,21.871,36.962,36.119,3.518,1.164,3.19,0.317,0.136,0.06,3.49,1.22,4.099,1.629,29,35,11,7,4.2,7.6,5.84,9.03,1.08,2.83,1.9,2.96,1.75,2.74,1.181,3.277
95,CuCl216,CuCl,Cubic,ZnS,F4(-)3m,3.395,6,216,mp-22914,"{'Cl': 1.0, 'Cu': 1.0}",2.331038792611701,4.165254785,19.733691325,1.0,1.0,3.6149,6.2235,3.6149,4.4561,3.6149,8.1785,1.35,1.0,1.45,0.79,0.96,0.28,0.77,0.27,1.32,1.02,1.278,0.91,2.55,1.41,1.12,1.0,2.04,1.01,7.752,13.011,20.363,23.889,36.962,39.749,3.518,1.266,3.19,0.212,0.136,0.033,3.49,1.4,4.099,1.8,29,17,11,7,4.2,6.1,5.84,6.12,1.08,2.98,1.9,3.16,1.75,2.83,1.181,2.886
96,CuI216,CuI,Cubic,ZnS,F4(-)3m,2.8,11,216,mp-22895,"{'Cu': 1.0, 'I': 1.0}",2.985545355095582,5.75719533,27.46566883,1.0,1.0,3.6149,7.1802,3.6149,4.7102,3.6149,9.8103,1.35,1.4,1.45,1.15,0.96,0.46,0.77,0.95,1.32,1.39,1.278,1.39,2.55,1.69,1.12,1.17,2.04,1.585,7.752,10.487,20.363,19.198,36.962,33.114,3.518,1.111,3.19,0.433,0.136,0.081,3.49,1.11,4.099,1.519,29,53,11,7,4.2,7.6,5.84,11.61,1.08,2.76,1.9,2.66,1.75,2.21,1.181,4.263
97,GaAs216,GaAs,Cubic,ZnS,F4(-)3m,1.52,11,216,mp-2534,"{'Ga': 1.0, 'As': 1.0}",2.692929877653369,5.053198872,23.765936325,1.0,1.0,4.5197,3.7598,7.6633,3.7598,4.526,10.5475,1.3,1.15,1.36,1.14,0.63,0.46,0.62,0.58,1.22,1.19,1.411,1.39,2.0,1.86,1.38,1.15,1.695,1.415,6.02,9.844,20.582,18.699,30.815,28.444,2.881,3.146,2.811,0.332,0.058,0.288,2.81,2.96,3.037,4.658,31,33,3,5,5.0,6.3,6.22,7.45,1.7,2.27,1.81,2.18,1.82,2.2,1.947,2.152
98,GaP216,GaP,Cubic,ZnS,F4(-)3m,2.32,11,216,mp-2490,"{'P': 1.0, 'Ga': 1.0}",2.2042866261261858,4.006312614,20.868429475,1.0,1.0,4.5197,11.45,7.6633,5.503,4.526,11.261,1.3,1.0,1.36,0.98,0.63,0.36,0.62,0.44,1.22,1.07,1.411,1.28,2.0,1.54,1.38,1.09,1.695,1.24,6.02,10.522,20.582,19.791,30.815,30.285,2.881,3.272,2.811,0.54,0.058,0.007,2.81,3.43,3.037,5.405,31,15,3,5,5.0,4.8,6.22,4.89,1.7,2.32,1.81,2.19,1.82,2.06,1.947,1.899
99,GaSb216,GaSb,Cubic,ZnS,F4(-)3m,0.813,1,216,mp-1156,"{'Ga': 1.0, 'Sb': 1.0}",2.7272754005771014,5.28767143,30.066637195,1.0,1.0,4.5197,4.307,7.6633,4.307,4.526,11.273,1.3,1.45,1.36,1.33,0.63,0.57,0.62,0.76,1.22,1.39,1.411,1.59,2.0,2.15,1.38,1.32,1.695,1.765,6.02,8.67,20.582,16.588,30.815,25.386,2.881,2.728,2.811,1.724,0.058,0.205,2.81,2.75,3.037,4.128,31,51,3,5,5.0,6.3,6.22,9.99,1.7,2.14,1.81,2.05,1.82,1.82,1.947,2.997
100,HgS216,HgS,Cubic,ZnS,F4(-)3m,0.7,555,216,mp-1123,"{'S': 1.0, 'Hg': 1.0}",3.54249721544036,7.128034118,27.0995273,1.0,1.0,3.005,10.437,3.005,12.845,3.005,24.369,1.5,1.0,1.71,0.88,0.97,0.32,1.2,0.37,1.32,1.05,1.573,1.27,2.39,1.44,1.4,1.03,2.41,1.1,10.473,10.396,18.814,23.41,34.32,34.954,0.638,2.9,0.615,0.1,0.024,0.018,0.67,2.85,0.304,4.128,80,16,12,6,4.35,5.45,11.15,5.48,1.49,2.65,2.0,2.58,1.44,2.44,2.316,2.552
101,HgSe216,HgSe,Cubic,ZnS,F4(-)3m,0.12,11,216,mp-820,"{'Se': 1.0, 'Hg': 1.0}",3.692347627065364,7.517549948,30.87466607,1.0,1.0,3.005,9.054,3.005,9.083,3.005,11.601,1.5,1.15,1.71,1.03,0.97,0.41,1.2,0.5,1.32,1.2,1.573,1.4,2.39,1.77,1.4,1.04,2.41,1.285,10.473,9.785,18.814,21.268,34.32,30.93,0.638,2.362,0.615,0.936,0.024,0.056,0.67,2.25,0.304,3.489,80,34,12,6,4.35,6.95,11.15,8.29,1.49,2.54,2.0,2.55,1.44,2.48,2.316,2.727
102,HgTe216,HgTe,Cubic,ZnS,F4(-)3m,0.02,1,216,mp-2730,"{'Te': 1.0, 'Hg': 1.0}",3.574073994918464,7.37792179,36.932643305,1.0,1.0,3.005,4.4572,3.005,4.4572,3.005,5.929,1.5,1.4,1.71,1.23,0.97,0.51,1.2,0.97,1.32,1.38,1.573,1.6,2.39,1.82,1.4,1.24,2.41,1.67,10.473,9.04,18.814,18.668,34.32,28.059,0.638,2.046,0.615,1.088,0.024,0.182,0.67,2.23,0.304,3.142,80,52,12,6,4.35,6.95,11.15,10.81,1.49,2.38,2.0,2.1,1.44,2.01,2.316,3.394
103,InAs216,InAs,Cubic,ZnS,F4(-)3m,0.411,1,216,mp-20305,"{'As': 1.0, 'In': 1.0}",2.7773262416391877,5.335684242,29.524799345,1.0,1.0,3.2523,3.7598,3.2523,3.7598,4.9461,10.5475,1.55,1.15,1.56,1.14,0.76,0.46,0.8,0.58,1.42,1.19,1.663,1.39,2.3,1.86,1.49,1.15,2.05,1.415,5.806,9.844,18.938,18.699,28.132,28.444,2.53,3.146,2.411,0.332,0.034,0.288,2.52,2.96,2.722,4.658,49,33,3,5,5.0,6.3,8.47,7.45,1.63,2.27,1.78,2.18,1.49,2.2,2.617,2.152
104,InP216,InP,Cubic,ZnS,F4(-)3m,1.42,1,216,mp-20351,"{'P': 1.0, 'In': 1.0}",2.4224080282356786,4.581623554,26.4199917,1.0,1.0,3.2523,11.45,3.2523,5.503,4.9461,11.261,1.55,1.0,1.56,0.98,0.76,0.36,0.8,0.44,1.42,1.07,1.663,1.28,2.3,1.54,1.49,1.09,2.05,1.24,5.806,10.522,18.938,19.791,28.132,30.285,2.53,3.272,2.411,0.54,0.034,0.007,2.52,3.43,2.722,5.405,49,15,3,5,5.0,4.8,8.47,4.89,1.63,2.32,1.78,2.19,1.49,2.06,2.617,1.899
105,InSb216,InSb,Cubic,ZnS,F4(-)3m,0.18,1,216,mp-20012,"{'In': 1.0, 'Sb': 1.0}",2.7410469428003124,5.38406041,36.482410585,1.0,1.0,3.2523,4.307,3.2523,4.307,4.9461,11.273,1.55,1.45,1.56,1.33,0.76,0.57,0.8,0.76,1.42,1.39,1.663,1.59,2.3,2.15,1.49,1.32,2.05,1.765,5.806,8.67,18.938,16.588,28.132,25.386,2.53,2.728,2.411,1.724,0.034,0.205,2.52,2.75,2.722,4.128,49,51,3,5,5.0,6.3,8.47,9.99,1.63,2.14,1.78,2.05,1.49,1.82,2.617,2.997
106,SiC216,SiC,Cubic,ZnS,F4(-)3m,2.379,10,216,mp-8062,"{'C': 1.0, 'Si': 1.0}",1.9047078799903983,3.170448429,10.50029782,1.0,1.0,5.4309,2.464,5.4309,2.464,5.4309,6.711,1.1,0.7,1.11,0.67,0.42,0.15,0.4,0.16,1.11,0.76,1.319,0.916,1.91,1.41,1.18,1.0,1.42,0.64,8.18,11.299,16.401,24.471,33.613,48.048,4.738,7.454,3.986,7.393,0.522,1.092,4.63,7.37,5.425,9.224,14,6,4,4,4.15,3.25,4.29,3.14,1.98,2.37,1.9,2.55,1.74,2.5,2.002,0.882
107,ZnS216,ZnS,Cubic,ZnS,F4(-)3m,3.6,46,216,mp-10695,"{'S': 1.0, 'Zn': 1.0}",2.2729701155517277,3.998929773,20.23783757,1.0,1.0,2.6649,10.437,2.6649,12.845,4.9468,24.369,1.35,1.0,1.42,0.88,0.78,0.32,0.74,0.37,1.22,1.05,1.394,1.27,2.21,1.44,1.25,1.03,1.88,1.1,9.427,10.396,18.023,23.41,39.863,34.954,1.359,2.9,1.188,0.1,0.076,0.018,1.35,2.85,1.273,4.128,30,16,12,6,4.35,5.45,5.97,5.48,1.44,2.65,1.65,2.58,1.66,2.44,1.521,2.552
108,ZnSe216,ZnSe,Cubic,ZnS,F4(-)3m,2.7,1,216,mp-1190,"{'Zn': 1.0, 'Se': 1.0}",2.703979017910355,5.064264572,23.668822715,1.0,1.0,2.6649,9.054,2.6649,9.083,4.9468,11.601,1.35,1.15,1.42,1.03,0.78,0.41,0.74,0.5,1.22,1.2,1.394,1.4,2.21,1.77,1.25,1.04,1.88,1.285,9.427,9.785,18.023,21.268,39.863,30.93,1.359,2.362,1.188,0.936,0.076,0.056,1.35,2.25,1.273,3.489,30,34,12,6,4.35,6.95,5.97,8.29,1.44,2.54,1.65,2.55,1.66,2.48,1.521,2.727
109,ZnTe216,ZnTe,Cubic,ZnS,F4(-)3m,2.35,555,216,mp-2176,"{'Zn': 1.0, 'Te': 1.0}",2.7728175420559658,5.418812151,29.572807715,1.0,1.0,2.6649,4.4572,2.6649,4.4572,4.9468,5.929,1.35,1.4,1.42,1.23,0.78,0.51,0.74,0.97,1.22,1.38,1.394,1.6,2.21,1.82,1.25,1.24,1.88,1.67,9.427,9.04,18.023,18.668,39.863,28.059,1.359,2.046,1.188,1.088,0.076,0.182,1.35,2.23,1.273,3.142,30,52,12,6,4.35,6.95,5.97,10.81,1.44,2.38,1.65,2.1,1.66,2.01,1.521,3.394
110,CsBr221,CsBr,Cubic,CsCl,Pm3(-)m,6.9,555,221,mp-22906,"{'Br': 1.0, 'Cs': 1.0}",2.123162594876117,4.16822115,42.389593815,1.0,1.0,6.141,6.7265,6.141,4.6451,6.141,8.7023,2.6,1.1,2.98,0.94,1.65,0.37,1.67,0.39,2.44,1.2,2.731,1.17,5.45,1.6,1.55,1.01,4.31,1.2,3.907,11.855,23.182,21.871,35.121,36.119,0.791,1.164,0.692,0.317,0.022,0.06,0.8,1.22,0.859,1.629,55,35,1,7,2.2,7.6,6.36,9.03,0.77,2.83,0.79,2.96,0.86,2.74,11.579,3.277
111,CsCl221,CsCl,Cubic,CsCl,Pm3(-)m,8.1,555,221,mp-22865,"{'Cl': 1.0, 'Cs': 1.0}",1.931117333315397,3.749127275,37.28411462,1.0,1.0,6.141,6.2235,6.141,4.4561,6.141,8.1785,2.6,1.0,2.98,0.79,1.65,0.28,1.67,0.27,2.44,1.02,2.731,0.91,5.45,1.41,1.55,1.0,4.31,1.01,3.907,13.011,23.182,23.889,35.121,39.749,0.791,1.266,0.692,0.212,0.022,0.033,0.8,1.4,0.859,1.8,55,17,1,7,2.2,6.1,6.36,6.12,0.77,2.98,0.79,3.16,0.86,2.83,11.579,2.886
112,CsI221,CsI,Cubic,CsCl,Pm3(-)m,6.3,555,221,mp-1056920,"{'Cs': 1.0, 'I': 1.0}",2.127353532701546,4.249039227,50.76730235,1.0,1.0,6.141,7.1802,6.141,4.7102,6.141,9.8103,2.6,1.4,2.98,1.15,1.65,0.46,1.67,0.95,2.44,1.39,2.731,1.39,5.45,1.69,1.55,1.17,4.31,1.585,3.907,10.487,23.182,19.198,35.121,33.114,0.791,1.111,0.692,0.433,0.022,0.081,0.8,1.11,0.859,1.519,55,53,1,7,2.2,7.6,6.36,11.61,0.77,2.76,0.79,2.66,0.86,2.21,11.579,4.263
