,0,1
0,2.0,0.6245029880845328
1,2.0,-0.11161127556213118
2,2.0,-0.19011092568619967
3,2.0,-0.03012232978415837
4,2.0,-0.39605434837378634
5,2.0,0.2149280833044349
6,2.0,0.12615254408270637
7,2.0,0.22313176942544294
8,2.0,0.41246588603096856
9,2.0,-0.15672011793912483
10,2.0,0.6394076628022185
11,2.0,0.5781399546075661
12,2.0,0.2925702026263924
13,2.0,0.5597235999968511
14,2.0,0.6817227159053353
15,2.0,0.7107027073541244
16,2.0,0.5773974152237081
17,2.0,0.7179877942053796
18,2.0,0.6050594238622486
19,2.0,0.6496428405201106
20,2.0,0.6530102371016495
21,2.0,0.6679929941967786
22,2.0,0.6862748630871818
23,2.0,0.8209451450904701
24,2.0,0.5411485038999386
25,2.0,0.0501031528891805
26,2.0,-0.03309593315014325
27,2.0,-0.21179007866192404
28,2.0,0.24140689019383485
29,2.0,0.2859418941676722
30,2.0,0.1977376696047229
31,2.0,0.3333664110023198
32,2.0,-0.10897174491752776
33,2.0,0.5578704430705366
34,2.0,0.5190216007053681
35,2.0,-0.05788779737712314
36,2.0,-0.2844205359289971
37,2.0,-0.15336586219152787
38,2.0,0.2205592995737748
39,2.0,0.3390508834222626
40,2.0,0.36106559136505095
41,2.0,0.3911422619816223
42,2.0,0.08358892930579333
43,2.0,0.5422388702218829
44,2.0,0.49641227195467763
45,2.0,0.04235401178809317
46,2.0,-0.10745277155414756
47,2.0,0.18751487790040872
48,2.0,0.08859337816241107
49,2.0,0.4498605846979451
50,2.0,0.5515367272797724
51,2.0,0.40926946544346254
52,2.0,0.6366933261709726
53,2.0,0.6396994834326424
54,2.0,0.5246903859156237
55,2.0,0.3360003967449525
56,2.0,0.11706725266979218
57,2.0,0.14874829005320897
58,2.0,0.40698517986580346
59,2.0,-0.22312378722535234
60,2.0,0.5466654052780168
61,2.0,0.5145216274205221
62,2.0,0.041620619525955777
63,2.0,0.24233970710324654
64,2.0,0.3814895863767774
65,2.0,0.5371361486560554
66,2.0,0.5545857582463715
67,2.0,0.5736458926205638
68,2.0,0.6303826550393941
69,2.0,0.3992952744868824
70,2.0,0.40190280810143864
71,2.0,0.4393508254280737
72,2.0,0.4523599375522936
73,2.0,0.5187217424828857
74,2.0,0.5598614888826654
75,2.0,0.28145148286447985
76,2.0,0.31943762142982196
77,2.0,0.6229161735203932
78,2.0,0.5529594630992497
79,2.0,0.6509251926181491
80,2.0,0.4237217039930296
81,2.0,0.6624854203673508
82,2.0,0.5866626844539004
83,2.0,0.7350388555546278
84,2.0,0.525774843565126
85,2.0,0.7291404409463558
86,2.0,0.6736834838292007
87,2.0,-0.07390358045044756
88,2.0,0.7549704096232336
89,2.0,0.6738327349195445
90,2.0,0.56963477805603
91,3.0,0.5968694615521893
92,3.0,0.6768833158493158
93,3.0,0.697436075769768
94,3.0,0.6929525095693267
95,3.0,0.7209281397172455
96,3.0,0.6554571080002476
97,3.0,0.7442247170053832
98,3.0,0.7617430840972406
99,3.0,0.5927653986974322
100,3.0,0.7943773808127741
101,3.0,0.8454546439103992
102,3.0,0.6631509485262784
103,3.0,0.04875191141528948
104,3.0,0.095905181760979
105,3.0,-0.29180685127754374
106,3.0,0.2642861152704223
107,3.0,0.21775540548495206
108,3.0,0.1766873561315866
109,3.0,0.4892665705688983
110,3.0,-0.05028052759039256
111,3.0,0.6436256007854531
112,3.0,0.5484827503740785
113,3.0,0.16000364036547024
114,3.0,-0.2090147807524212
115,3.0,-0.26327650221114973
116,3.0,0.25315407693407266
117,3.0,0.24015165470123126
118,3.0,0.4466533655503431
119,3.0,0.4506805022956062
120,3.0,0.1783911302674813
121,3.0,0.6346341802253642
122,3.0,0.5451762033869342
123,3.0,0.34979865240491104
124,3.0,-0.15656789941838845
125,3.0,0.20073654110016875
126,3.0,0.06775279783717554
127,3.0,0.4320409842244449
128,3.0,0.5465194016937512
129,3.0,0.7005980541942739
130,3.0,0.6571424589383157
131,3.0,0.6532803472937436
132,3.0,0.4949056234500243
133,3.0,0.3131089758574993
134,3.0,0.03261739722400129
135,3.0,0.2843610742466004
136,3.0,0.39340442450237656
137,3.0,-0.21299164733196402
138,3.0,0.6325055807260597
139,3.0,0.5828796808516773
140,3.0,0.3604096209441443
141,3.0,0.23599450673723454
142,3.0,0.4725757075739287
143,3.0,0.5315628348177609
144,3.0,0.5346594422464183
145,3.0,0.5956082051646375
146,3.0,0.6003283199895222
147,3.0,0.4737118180509879
148,3.0,0.3997064571321147
149,3.0,0.4386149448393911
150,3.0,0.4691498416026709
151,3.0,0.6216225294267221
152,3.0,0.597174813121153
153,3.0,0.4584629860044987
154,3.0,0.4329805019776438
155,3.0,0.5293270178938874
156,3.0,0.6260197560077054
157,3.0,0.6496801988966127
158,3.0,0.4694438843309005
159,3.0,0.6622045454063227
160,3.0,0.7099187433980794
161,3.0,0.7185372247522578
162,3.0,0.6855761793742103
163,3.0,0.7345937465013124
164,3.0,0.6741153139575968
165,3.0,0.17332598786594544
166,3.0,0.7490003589355496
167,3.0,0.6749137406863661
168,3.0,0.5513027449671044
169,3.0,0.6492155833123303
170,3.0,0.6532384194758295
171,3.0,0.5261089139906688
172,3.0,0.7061081953611618
173,3.0,0.6891502288454903
174,3.0,0.6991680987660637
175,3.0,0.6149252175709049
176,3.0,0.5522896951657645
177,3.0,0.7430904469254712
178,3.0,0.80931002567509
179,3.0,0.5517342685543599
180,3.0,0.7040647143161481
181,3.0,0.6569630827096208
182,3.0,0.7256303204742358
183,3.0,0.6792668471639431
184,3.0,0.7256893098290917
185,3.0,0.678966914638831
186,3.0,0.6982502226366774
187,3.0,0.7592165402122645
188,3.0,0.8307775182246249
189,3.0,0.6497576207874842
190,3.0,0.7662632124726498
191,3.0,0.6815724775601497
192,3.0,0.674243970796121
193,3.0,0.803423811316998
194,3.0,0.8070502606610168
195,3.0,0.8037748490147726
196,3.0,0.8038186920047434
197,3.0,0.837225353572759
198,3.0,0.7550624911454903
199,3.0,0.7408015210064227
200,3.0,0.5596414858384863
201,3.0,0.6290148268652498
202,3.0,0.6462670215533222
203,3.0,0.5982860765286616
204,3.0,0.6903766388563398
205,3.0,0.8257410692085193
206,3.0,0.5150432041817116
207,3.0,0.6450419517604166
208,3.0,0.7483729713877882
209,3.0,0.7537488215959683
210,3.0,0.7588118371622156
211,3.0,0.7448510188901136
212,3.0,0.8307800722109102
213,3.0,0.6817813901672134
214,3.0,0.6172819192314934
215,3.0,0.6378462595608105
216,3.0,0.6307624560894783
217,3.0,0.6403829314452181
218,3.0,0.8181042511242258
219,3.0,0.5914497583995247
220,3.0,0.6233322892789301
221,3.0,0.777520919803393
222,3.0,0.7037383295627948
223,3.0,0.8471652579989221
224,3.0,0.7234595571563818
225,3.0,0.8146179331162732
226,3.0,0.6716249343028938
227,3.0,0.8797584502235365
228,3.0,0.778781902512506
229,3.0,0.811822782401778
230,3.0,0.8702764302523739
231,3.0,0.5560519773047573
232,3.0,0.8665668477816264
233,3.0,0.8064749140324489
234,3.0,0.8130349381247908
235,3.0,0.051091390601217354
236,3.0,0.05641647440613035
237,3.0,0.30131094180192686
238,3.0,0.30236201452658795
239,3.0,0.4073988285930708
240,3.0,0.36844513243689947
241,3.0,0.229424035172543
242,3.0,0.5576269040736841
243,3.0,0.5319944910539667
244,3.0,0.17209690095551744
245,3.0,0.01308876955574286
246,3.0,0.24042614145067873
247,3.0,0.2607649598580861
248,3.0,0.4982455269288643
249,3.0,0.5376452236783518
250,3.0,0.6158344432703076
251,3.0,0.6281740630080225
252,3.0,0.6319018533759313
253,3.0,0.4642734100869272
254,3.0,0.39513947097312546
255,3.0,0.17992794127122128
256,3.0,0.20617941540900378
257,3.0,0.39670277503557605
258,3.0,-0.02308890880058656
259,3.0,0.5742972597195501
260,3.0,0.5531813194167808
261,3.0,-0.00351622210885067
262,3.0,0.26869371198951025
263,3.0,0.41878880179385575
264,3.0,0.5622944747503791
265,3.0,0.5523178300115252
266,3.0,0.6451605683130859
267,3.0,0.584642050087855
268,3.0,0.3663758676577667
269,3.0,0.4497446412064363
270,3.0,0.42979508693839896
271,3.0,0.5472671545829813
272,3.0,0.5463374625655042
273,3.0,0.5463897826875795
274,3.0,0.2676260657663513
275,3.0,0.324766958192342
276,3.0,0.49215685684440325
277,3.0,0.5213424360675906
278,3.0,0.6297888571614197
279,3.0,0.276804486653178
280,3.0,0.7184067532766413
281,3.0,0.5518266887079964
282,3.0,0.700004871168515
283,3.0,0.4907571856095186
284,3.0,0.7230541570407163
285,3.0,0.6785495095266388
286,3.0,-0.07439097340353648
287,3.0,0.724392426288481
288,3.0,0.641332323137963
289,3.0,0.5425543732925138
290,3.0,-0.16671507962488352
291,3.0,0.20620196705707594
292,3.0,0.22062298759120116
293,3.0,0.496049852384411
294,3.0,0.5781326410372605
295,3.0,0.5309960343694973
296,3.0,0.6337540905770573
297,3.0,0.5718244943359192
298,3.0,0.4630700936785592
299,3.0,0.3383374351595121
300,3.0,0.28924309094474787
301,3.0,0.38393104261911704
302,3.0,0.450284980463623
303,3.0,0.11138912084295306
304,3.0,0.5847068925098062
305,3.0,0.5405736090336789
306,3.0,0.10286368154963567
307,3.0,0.3178153009497114
308,3.0,0.4246942994374403
309,3.0,0.5198892427556809
310,3.0,0.5726234906405687
311,3.0,0.6020987637441519
312,3.0,0.5947601463049215
313,3.0,0.4571357355714352
314,3.0,0.5096255792013524
315,3.0,0.457331430491676
316,3.0,0.5599845140446416
317,3.0,0.5624065221236826
318,3.0,0.5969940362585514
319,3.0,0.3762438796590811
320,3.0,0.41458022411142337
321,3.0,0.6843179981399552
322,3.0,0.5488561765906808
323,3.0,0.6666720369790063
324,3.0,0.4419306903682412
325,3.0,0.7017356779382751
326,3.0,0.6336853294000775
327,3.0,0.7252043065763549
328,3.0,0.5886807309466768
329,3.0,0.7406998001681351
330,3.0,0.6660283267066972
331,3.0,0.18833972558648843
332,3.0,0.7416336644421073
333,3.0,0.6504160938805007
334,3.0,0.569716007360685
335,3.0,0.3093613094258252
336,3.0,0.18484300937529966
337,3.0,0.4678002252906006
338,3.0,0.5581106665747924
339,3.0,0.5417745892661965
340,3.0,0.6226090343291624
341,3.0,0.582824453326857
342,3.0,0.4864479405766065
343,3.0,0.25562029288927424
344,3.0,0.4666078323465178
345,3.0,0.5717288716032343
346,3.0,0.5311649325298223
347,3.0,0.6238626361526778
348,3.0,0.6252376295395988
349,3.0,0.46938675848842315
350,3.0,0.5150166523137044
351,3.0,0.5281051827034138
352,3.0,0.6183480747643135
353,3.0,0.6803766839230169
354,3.0,0.6251467770887772
355,3.0,0.527534604095412
356,3.0,0.6018703559189351
357,3.0,0.7266835825596254
358,3.0,0.6694763205784127
359,3.0,0.6543523256936382
360,3.0,0.5223107206246153
361,3.0,0.7607663284691067
362,3.0,0.710344554088933
363,3.0,0.694680956684686
364,3.0,0.6157914709357494
365,3.0,0.7480291578578684
366,3.0,0.6732390033419379
367,3.0,0.8219616239758601
368,3.0,0.8012277469498633
369,3.0,0.682697676269789
370,3.0,0.7145565604134959
371,3.0,0.37217135664694756
372,3.0,0.4209799048195568
373,3.0,0.5669071151654504
374,3.0,0.5792074959310409
375,3.0,0.5991382611756685
376,3.0,0.6338073347159315
377,3.0,0.4619785908173386
378,3.0,0.363037626891832
379,3.0,0.3829313795474982
380,3.0,0.4110765233099246
381,3.0,0.5334121944840028
382,3.0,0.5798163432915181
383,3.0,0.19617354755765096
384,3.0,0.38792592823052796
385,3.0,0.5243237041966045
386,3.0,0.5455745087448106
387,3.0,0.642794851501719
388,3.0,0.3042969981341417
389,3.0,0.6691265034451485
390,3.0,0.634593284849536
391,3.0,0.7200502893941372
392,3.0,0.5959349365960057
393,3.0,0.6957559676143615
394,3.0,0.6338514272873884
395,3.0,0.018655892115191648
396,3.0,0.749806114482086
397,3.0,0.666935380782672
398,3.0,0.5679541111022033
399,3.0,0.3828613505133726
400,3.0,0.5644090751304467
401,3.0,0.5538800381435856
402,3.0,0.5805848935758743
403,3.0,0.6238952309498862
404,3.0,0.38649513686518056
405,3.0,0.5174914858147057
406,3.0,0.6236540607282876
407,3.0,0.5839439999588136
408,3.0,0.6725213007646962
409,3.0,0.4702848805157488
410,3.0,0.7870271182703085
411,3.0,0.6778902668074109
412,3.0,0.7384359965949194
413,3.0,0.5153717159341517
414,3.0,0.7265393092363355
415,3.0,0.6839183306338904
416,3.0,0.5662086185337988
417,3.0,0.7540575326901261
418,3.0,0.6145619205246367
419,3.0,0.6251282882864982
420,3.0,0.4165290782207548
421,3.0,0.6458516295310521
422,3.0,0.5113743418631889
423,3.0,0.6507081476169999
424,3.0,0.46499285856041006
425,3.0,0.6750681169302681
426,3.0,0.5484341206943242
427,3.0,0.7168440616455876
428,3.0,0.5076252793359034
429,3.0,0.7108393964763214
430,3.0,0.717834777464445
431,3.0,0.41464168281375235
432,3.0,0.7512818782027243
433,3.0,0.6215622443496335
434,3.0,0.593050034273325
435,3.0,0.739352781937442
436,3.0,0.5864234725076864
437,3.0,0.704861437628408
438,3.0,0.5649311937147249
439,3.0,0.7253292184343382
440,3.0,0.6919254165573869
441,3.0,0.4258742784035575
442,3.0,0.7524165925104085
443,3.0,0.6675208797125206
444,3.0,0.6230927209132682
445,3.0,0.783008794983798
446,3.0,0.7954220073384212
447,3.0,0.6727654607006965
448,3.0,0.804076431067456
449,3.0,0.747690970892067
450,3.0,0.6927748196967735
451,3.0,0.7536497433114238
452,3.0,0.7565513783644997
453,3.0,0.6968874289817166
454,3.0,0.7282481291313722
455,4.0,0.6951814652233836
456,4.0,0.6564907467306773
457,4.0,0.6642511632033943
458,4.0,0.7125490105138942
459,4.0,0.6800183817337468
460,4.0,0.7623891917246527
461,4.0,0.7877492449842151
462,4.0,0.5963140962544589
463,4.0,0.8253537781905192
464,4.0,0.8114448563564234
465,4.0,0.6637955314723091
466,4.0,0.6966341038367762
467,4.0,0.701133747681251
468,4.0,0.6886467983744127
469,4.0,0.7035874615850645
470,4.0,0.7927718170293518
471,4.0,0.7843790697276547
472,4.0,0.7102191714354024
473,4.0,0.8291137522690128
474,4.0,0.8202300278430135
475,4.0,0.7246948059404922
476,4.0,0.7636227246808125
477,4.0,0.6803461860789102
478,4.0,0.6788815661708113
479,4.0,0.7878666082146393
480,4.0,0.8229090657525071
481,4.0,0.8269394089458477
482,4.0,0.8013225943180884
483,4.0,0.8412482082207161
484,4.0,0.7590902851785759
485,4.0,0.7768481518980733
486,4.0,0.6791926584689034
487,4.0,0.7647305392952154
488,4.0,0.782455861889257
489,4.0,0.707433408533555
490,4.0,0.7901565660040424
491,4.0,0.820863746881511
492,4.0,0.6780328305464232
493,4.0,0.6156425813985382
494,4.0,0.7489270667497712
495,4.0,0.7755927673794444
496,4.0,0.7545996412481532
497,4.0,0.7588504009071056
498,4.0,0.8361100631951608
499,4.0,0.7279125821204091
500,4.0,0.6789156365421263
501,4.0,0.7222598229033574
502,4.0,0.6662158410037264
503,4.0,0.7632350262195327
504,4.0,0.8192079093025196
505,4.0,0.7098761414387904
506,4.0,0.7619251862251686
507,4.0,0.8000077667419934
508,4.0,0.8134111333033769
509,4.0,0.8290950710879184
510,4.0,0.7871074299560104
511,4.0,0.8129510626351072
512,4.0,0.8276391494001322
513,4.0,0.8664842884179874
514,4.0,0.8422542429016004
515,4.0,0.8127801338874736
516,4.0,0.8636250920378572
517,4.0,0.6144891085863493
518,4.0,0.8609424191436307
519,4.0,0.811840178661256
520,4.0,0.8359784923298078
521,4.0,0.1034466345226296
522,4.0,-0.016559558426461556
523,4.0,0.27463165848695237
524,4.0,0.36984150847752706
525,4.0,0.3160529006086796
526,4.0,0.531448665944735
527,4.0,0.179200754932337
528,4.0,0.6643647461940322
529,4.0,0.5455242809251545
530,4.0,0.37023072489415715
531,4.0,0.064912237838002
532,4.0,0.2261923220718051
533,4.0,0.16924565194609306
534,4.0,0.47218254567029583
535,4.0,0.5441262834944369
536,4.0,0.7775502149495636
537,4.0,0.6119392538360988
538,4.0,0.6777897026575029
539,4.0,0.6521130032853418
540,4.0,0.32595171759267555
541,4.0,0.21420390696522626
542,4.0,0.28887043816079216
543,4.0,0.46405634853739525
544,4.0,0.15999130110341897
545,4.0,0.6463889474386065
546,4.0,0.5107382620194465
547,4.0,0.2575078238051342
548,4.0,0.24082752901189852
549,4.0,0.43805520508126716
550,4.0,0.5657661603902153
551,4.0,0.5182094553546556
552,4.0,0.6650185773933153
553,4.0,0.5920552841414247
554,4.0,0.47099861767560824
555,4.0,0.5004203240268321
556,4.0,0.5295013502139002
557,4.0,0.5464666801144834
558,4.0,0.6149857367186624
559,4.0,0.5467140882068685
560,4.0,0.38879369952955134
561,4.0,0.48838326325164755
562,4.0,0.6138209742091498
563,4.0,0.6359430401981508
564,4.0,0.6141011119669283
565,4.0,0.46471167527654816
566,4.0,0.7236179878358044
567,4.0,0.7502139626379362
568,4.0,0.6958296472263605
569,4.0,0.6516674381522461
570,4.0,0.7340197241517116
571,4.0,0.6555887843751061
572,4.0,0.10608615189281081
573,4.0,0.714972795895727
574,4.0,0.6680462323589224
575,4.0,0.5251484181194332
576,4.0,-0.21356021416187368
577,4.0,0.21744143081999784
578,4.0,0.1745686781579209
579,4.0,0.4988003819305842
580,4.0,0.562779700084048
581,4.0,0.6949157887933174
582,4.0,0.6346006906769479
583,4.0,0.6481309447747565
584,4.0,0.469741005294727
585,4.0,0.32723762073843543
586,4.0,0.2466443925491632
587,4.0,0.3764642786377085
588,4.0,0.4667270019368006
589,4.0,0.065114342127988
590,4.0,0.602516103359354
591,4.0,0.5744628332943945
592,4.0,0.16909014178264517
593,4.0,0.26974101645832343
594,4.0,0.43044849993336814
595,4.0,0.5174114657645799
596,4.0,0.5722168922867406
597,4.0,0.6096692972500799
598,4.0,0.5921295760821186
599,4.0,0.4568658978479976
600,4.0,0.46511396545649997
601,4.0,0.5042625708109936
602,4.0,0.5632939217771574
603,4.0,0.6515724891430784
604,4.0,0.5842174776199263
605,4.0,0.4415157516832902
606,4.0,0.43540467919632536
607,4.0,0.6095540317181205
608,4.0,0.6391017660743111
609,4.0,0.6625459683630357
610,4.0,0.5226456962477791
611,4.0,0.7101557852208038
612,4.0,0.7210212259082301
613,4.0,0.7261573353700368
614,4.0,0.6663967841888712
615,4.0,0.7377412490476181
616,4.0,0.6576728072030624
617,4.0,0.41171327173185124
618,4.0,0.7431676417211843
619,4.0,0.7174797853272884
620,4.0,0.5529148661229496
621,4.0,0.3104276222238944
622,4.0,0.08379884456831721
623,4.0,0.5264431655594688
624,4.0,0.5346194751914874
625,4.0,0.6769329588451606
626,4.0,0.6075115394407837
627,4.0,0.623101773901361
628,4.0,0.577430533733123
629,4.0,0.2672398669946219
630,4.0,0.49166994856739243
631,4.0,0.5579971750711761
632,4.0,0.5846823971075925
633,4.0,0.637922494353167
634,4.0,0.6294937485039793
635,4.0,0.48499605532232315
636,4.0,0.48417452568983144
637,4.0,0.5413347981334495
638,4.0,0.6484373480956235
639,4.0,0.6775489004894863
640,4.0,0.6558952051175648
641,4.0,0.5791022671628513
642,4.0,0.5676096803240447
643,4.0,0.6985447906645426
644,4.0,0.6764978878112946
645,4.0,0.6591088663932572
646,4.0,0.6103863957982446
647,4.0,0.7449650646879409
648,4.0,0.7351154455374267
649,4.0,0.6899692862737129
650,4.0,0.5652820599188024
651,4.0,0.7480729375025067
652,4.0,0.695791753265647
653,4.0,0.7955849693096891
654,4.0,0.7394046645320658
655,4.0,0.6659811617347553
656,4.0,0.6769030434131305
657,4.0,0.35554201637423005
658,4.0,0.381955568283817
659,4.0,0.5685172802213003
660,4.0,0.525578674944737
661,4.0,0.5884333857950975
662,4.0,0.6416065159141531
663,4.0,0.44797845718696017
664,4.0,0.4379371435535772
665,4.0,0.3940802796945138
666,4.0,0.45775206415402103
667,4.0,0.6223622492810154
668,4.0,0.5820912184739527
669,4.0,0.34305651381814023
670,4.0,0.40823155093732133
671,4.0,0.6167400332830937
672,4.0,0.6268868148432755
673,4.0,0.6399538875171813
674,4.0,0.5186610160416323
675,4.0,0.6441619296177544
676,4.0,0.6830567283785995
677,4.0,0.7258950228690927
678,4.0,0.6938873570983277
679,4.0,0.7043058060945181
680,4.0,0.6067857085984962
681,4.0,0.15652673189591945
682,4.0,0.743421483731064
683,4.0,0.6942268049627438
684,4.0,0.5452594054923947
685,4.0,0.3890577799266318
686,4.0,0.5632563160126127
687,4.0,0.5438563237118609
688,4.0,0.5951786096862423
689,4.0,0.6188163338651466
690,4.0,0.4100174718119107
691,4.0,0.5511021718076569
692,4.0,0.658067459972886
693,4.0,0.6248894677675855
694,4.0,0.6767715426021252
695,4.0,0.5550036605128548
696,4.0,0.7739829016052883
697,4.0,0.6892297208417456
698,4.0,0.7299804856981148
699,4.0,0.6454043106472886
700,4.0,0.7362962236196569
701,4.0,0.6864194128191549
702,4.0,0.6321763059436072
703,4.0,0.7562563564681303
704,4.0,0.6614738878096013
705,4.0,0.6128711064861269
706,4.0,0.44462993983748256
707,4.0,0.6045754479886658
708,4.0,0.6011924939846272
709,4.0,0.6481886016803393
710,4.0,0.5251184314534802
711,4.0,0.6846169628820856
712,4.0,0.6926889124375684
713,4.0,0.7161999882767561
714,4.0,0.6686706518086366
715,4.0,0.7252951422172609
716,4.0,0.6742886207678416
717,4.0,0.5159437828079483
718,4.0,0.7483871627120846
719,4.0,0.7269580648387373
720,4.0,0.6373677940932062
721,4.0,0.7293067230916479
722,4.0,0.7058408945654322
723,4.0,0.7088040175113824
724,4.0,0.6498654667573855
725,4.0,0.7296431376705542
726,4.0,0.6904107965020901
727,4.0,0.6039157296543736
728,4.0,0.7424113436920818
729,4.0,0.6805019734917227
730,4.0,0.6094047296990552
731,4.0,0.7878939765126423
732,4.0,0.7529644886541202
733,4.0,0.7043581221992479
734,4.0,0.7998913758727063
735,4.0,0.7576569547102844
736,4.0,0.7173514392756437
737,4.0,0.7528418486155203
738,4.0,0.7377160706327559
739,4.0,0.6534793344719226
740,4.0,0.7317779793652048
741,4.0,0.6910079465762384
742,4.0,0.6170013883370352
743,4.0,0.7026410900056853
744,4.0,0.6843587211897569
745,4.0,0.7365098724224027
746,4.0,0.6773850741798781
747,4.0,0.7164000370732526
748,4.0,0.7480670710234177
749,4.0,0.8150702554733944
750,4.0,0.7137889269550262
751,4.0,0.7413206644834252
752,4.0,0.6712987579305644
753,4.0,0.6764724862394094
754,4.0,0.8373418411742501
755,4.0,0.8036791467994633
756,4.0,0.8075348015467855
757,4.0,0.7825909915724432
758,4.0,0.8516272112358065
759,4.0,0.7648284546546766
760,4.0,0.7482842058680236
761,4.0,0.6176839899967901
762,4.0,0.6779994720345371
763,4.0,0.6784064136389606
764,4.0,0.5548971918482448
765,4.0,0.7407563437905272
766,4.0,0.8145653659531382
767,4.0,0.6126274673594284
768,4.0,0.6603553549270073
769,4.0,0.7906928839656834
770,4.0,0.7842115966977348
771,4.0,0.7424646511695374
772,4.0,0.8215253096273488
773,4.0,0.8197346136277535
774,4.0,0.7214892298945554
775,4.0,0.7425984433526326
776,4.0,0.6243276254899665
777,4.0,0.6852747748674228
778,4.0,0.7165246721075074
779,4.0,0.8055640953653522
780,4.0,0.6521473510107758
781,4.0,0.7003466830443844
782,4.0,0.806450821064024
783,4.0,0.7585786018877522
784,4.0,0.8445568241057764
785,4.0,0.7782107656655911
786,4.0,0.7882793969478665
787,4.0,0.7516708603069833
788,4.0,0.8541588415857115
789,4.0,0.755842704138507
790,4.0,0.8058993263733482
791,4.0,0.8598275617864096
792,4.0,0.4981359798708013
793,4.0,0.8745191001772208
794,4.0,0.8186173698406934
795,4.0,0.8186595696558214
796,4.0,0.7121630827284112
797,4.0,0.6740332844699792
798,4.0,0.7015819429479564
799,4.0,0.8266937067511155
800,4.0,0.8205522933669054
801,4.0,0.8033797754981657
802,4.0,0.806707177442281
803,4.0,0.8515234918944252
804,4.0,0.7643008466991097
805,4.0,0.7754655345108836
806,4.0,0.6466255250641724
807,4.0,0.7158682630729347
808,4.0,0.7035176054230027
809,4.0,0.6673434135354314
810,4.0,0.7471799499176599
811,4.0,0.8189311836186339
812,4.0,0.5868267237956424
813,4.0,0.7074404603666581
814,4.0,0.7915754557080648
815,4.0,0.7848636803430917
816,4.0,0.7919567030105576
817,4.0,0.7860230774873926
818,4.0,0.8315076921522363
819,4.0,0.7045962739256761
820,4.0,0.6982575729348852
821,4.0,0.6389934114826166
822,4.0,0.7158690354783256
823,4.0,0.6956075426617103
824,4.0,0.8321235452042532
825,4.0,0.7244599298657791
826,4.0,0.7173406470072109
827,4.0,0.8293342301906791
828,4.0,0.7377210932442931
829,4.0,0.8525850790100583
830,4.0,0.7742388514927769
831,4.0,0.819475358559177
832,4.0,0.7483461401341384
833,4.0,0.8710243847931702
834,4.0,0.8001069206394815
835,4.0,0.816412455971909
836,4.0,0.8540025959462133
837,4.0,0.6532171523540587
838,4.0,0.8630346799317329
839,4.0,0.8306324508509317
840,4.0,0.8229952408247813
841,4.0,0.7601562144236218
842,4.0,0.6946549965982075
843,4.0,0.7851832216003812
844,4.0,0.7771339088999913
845,4.0,0.8690410345251398
846,4.0,0.7961670213207416
847,4.0,0.8459178992126557
848,4.0,0.7649074038041337
849,4.0,0.6734680503643341
850,4.0,0.7982153266410824
851,4.0,0.7896351157476389
852,4.0,0.825725722261171
853,4.0,0.7726629644735148
854,4.0,0.8308217815290038
855,4.0,0.7392674042832106
856,4.0,0.7692999630427503
857,4.0,0.7920002013568268
858,4.0,0.8078296650689174
859,4.0,0.8298924186277203
860,4.0,0.8317232849857699
861,4.0,0.7527385543544676
862,4.0,0.8054246157719676
863,4.0,0.8584786098142343
864,4.0,0.7616469888956531
865,4.0,0.8331504236915904
866,4.0,0.8308495009069933
867,4.0,0.8846287282243037
868,4.0,0.8110764804443473
869,4.0,0.8536304030675298
870,4.0,0.7874073754623248
871,4.0,0.8612623924767844
872,4.0,0.8655004790393619
873,4.0,0.8573752268809169
874,4.0,0.8803141460463602
875,4.0,0.7831472103156937
876,4.0,0.8565366308014962
877,4.0,0.6948739800487705
878,4.0,0.7331460363792349
879,4.0,0.7223572056270973
880,4.0,0.7845287100393329
881,4.0,0.7371098537755137
882,4.0,0.8410194887200524
883,4.0,0.713473413719178
884,4.0,0.6048640636396636
885,4.0,0.5934373567249449
886,4.0,0.6448924860021045
887,4.0,0.6865302226585466
888,4.0,0.8027776905656892
889,4.0,0.5544960885514147
890,4.0,0.6670407019282911
891,4.0,0.726427141641572
892,4.0,0.6754937213512284
893,4.0,0.8229482894201359
894,4.0,0.6865743410376504
895,4.0,0.7946784082767396
896,4.0,0.7309976298958671
897,4.0,0.8472298869892184
898,4.0,0.7769978911865335
899,4.0,0.785362007058513
900,4.0,0.8498169385081061
901,4.0,0.5338584151790473
902,4.0,0.8431223254426121
903,4.0,0.8005928533953984
904,4.0,0.800297182353268
905,4.0,0.6715130244335604
906,4.0,0.7123217696217369
907,4.0,0.7104080034711583
908,4.0,0.7553587111322647
909,4.0,0.7998878511314174
910,4.0,0.6633780732835785
911,4.0,0.728505648926586
912,4.0,0.8026866479523507
913,4.0,0.7270373688661874
914,4.0,0.8575691855504288
915,4.0,0.7597859168299067
916,4.0,0.8498047078807609
917,4.0,0.7464813902802261
918,4.0,0.8515022472751738
919,4.0,0.7363144031415308
920,4.0,0.8056719791189202
921,4.0,0.8586865902381641
922,4.0,0.7434776565443753
923,4.0,0.8547643153622535
924,4.0,0.7725607366223027
925,4.0,0.826724018067038
926,4.0,0.6165495851164515
927,4.0,0.7718714255486397
928,4.0,0.6462916442341876
929,4.0,0.8276513054734588
930,4.0,0.7120302432490585
931,4.0,0.7857555223900982
932,4.0,0.6426680094522195
933,4.0,0.8687375310923213
934,4.0,0.7456778441465252
935,4.0,0.8068853909465147
936,4.0,0.8332184921117128
937,4.0,0.6039378790348616
938,4.0,0.865939395190812
939,4.0,0.8029850336066029
940,4.0,0.8165285173369887
941,4.0,0.8182034158386622
942,4.0,0.6848763471483834
943,4.0,0.8642724412267648
944,4.0,0.8124406360592871
945,4.0,0.784408309193554
946,4.0,0.8672353474835864
947,4.0,0.7675012951628027
948,4.0,0.8536852262826442
949,4.0,0.798373309968103
950,4.0,0.841011212015931
951,4.0,0.8062988333149254
952,4.0,0.8844414688554386
953,4.0,0.8544319467925181
954,4.0,0.8805092937166794
955,4.0,0.8148455434023574
956,4.0,0.8296398345786383
957,4.0,0.8500513749249277
958,4.0,0.8425915560891571
959,4.0,0.8446020657507365
960,4.0,0.8685191012247842
961,4.0,0.06559163695880398
962,4.0,0.2608402410125378
963,4.0,0.2709689554031257
964,4.0,0.44587386974936216
965,4.0,0.5417538434143024
966,4.0,0.5382607096530604
967,4.0,0.6150558488747866
968,4.0,0.5610908052002506
969,4.0,0.43580259766728774
970,4.0,0.3793643579982182
971,4.0,0.26768117066913627
972,4.0,0.37679794369622926
973,4.0,0.4231786513278503
974,4.0,0.1929425393490499
975,4.0,0.568574837102618
976,4.0,0.556103994555637
977,4.0,0.13126062267259378
978,4.0,0.2607704243401916
979,4.0,0.4424733522807005
980,4.0,0.5311512889455176
981,4.0,0.5770327419518778
982,4.0,0.6283220466696715
983,4.0,0.5797686719317001
984,4.0,0.41120324920004525
985,4.0,0.525956110419143
986,4.0,0.45675576511623894
987,4.0,0.5688302982871397
988,4.0,0.5502165148983232
989,4.0,0.5876447424317142
990,4.0,0.3349506984935553
991,4.0,0.415385648355894
992,4.0,0.667953276852621
993,4.0,0.533450787570604
994,4.0,0.6449411300679692
995,4.0,0.485682822533462
996,4.0,0.73286200394715
997,4.0,0.5770316306288221
998,4.0,0.6985609701623956
999,4.0,0.5441641879466608
1000,4.0,0.7128102299937514
1001,4.0,0.689913006682382
1002,4.0,0.291290480442194
1003,4.0,0.7164452220099772
1004,4.0,0.6748328560905447
1005,4.0,0.5654785481051419
1006,4.0,0.32588377982781314
1007,4.0,0.20824847425531226
1008,4.0,0.44698621156296475
1009,4.0,0.567911146372135
1010,4.0,0.6710855830262161
1011,4.0,0.6371068660691531
1012,4.0,0.6080545349955222
1013,4.0,0.45009019246545
1014,4.0,0.25244140683663363
1015,4.0,0.44646391260882723
1016,4.0,0.5275676396542883
1017,4.0,0.5667001713340394
1018,4.0,0.6330608815256139
1019,4.0,0.6456312996887603
1020,4.0,0.409559747132436
1021,4.0,0.5097559579574411
1022,4.0,0.5682493077084033
1023,4.0,0.7066860112690738
1024,4.0,0.6144864152212781
1025,4.0,0.6772433002677642
1026,4.0,0.5236887980920858
1027,4.0,0.5716370606241119
1028,4.0,0.7453710621953692
1029,4.0,0.6243904169025627
1030,4.0,0.625345346819772
1031,4.0,0.5128560959744816
1032,4.0,0.7785533155334073
1033,4.0,0.6897680962831739
1034,4.0,0.7115700703503189
1035,4.0,0.5377467401725081
1036,4.0,0.7724640618451791
1037,4.0,0.6861936831584812
1038,4.0,0.7761868255306719
1039,4.0,0.7550302761342967
1040,4.0,0.6212513675951351
1041,4.0,0.6760155058979286
1042,4.0,0.3680970861012212
1043,4.0,0.5452342467688819
1044,4.0,0.5615418986589016
1045,4.0,0.556556024928519
1046,4.0,0.6064634562277049
1047,4.0,0.6152017409175544
1048,4.0,0.3771699454216945
1049,4.0,0.4109870869399724
1050,4.0,0.46122298989695554
1051,4.0,0.4829077748757281
1052,4.0,0.5803988272826799
1053,4.0,0.5536946233482151
1054,4.0,0.1583131145987578
1055,4.0,0.44694444427611696
1056,4.0,0.5806377695357454
1057,4.0,0.5889274049296794
1058,4.0,0.6070681283745177
1059,4.0,0.43267981448410314
1060,4.0,0.6859747608627416
1061,4.0,0.642391735816855
1062,4.0,0.7055883421835201
1063,4.0,0.577122050328539
1064,4.0,0.7211383849649773
1065,4.0,0.6480768804536808
1066,4.0,0.08223947915921542
1067,4.0,0.7262949263669779
1068,4.0,0.6736548612196063
1069,4.0,0.5672875474361155
1070,4.0,0.47985740577683234
1071,4.0,0.5494648674979304
1072,4.0,0.5913970979584627
1073,4.0,0.6384220784614324
1074,4.0,0.6002634242985323
1075,4.0,0.4111607136061884
1076,4.0,0.5567042707349324
1077,4.0,0.6555457824009282
1078,4.0,0.6408101509350468
1079,4.0,0.6582352168764933
1080,4.0,0.474652503993215
1081,4.0,0.7712958162139629
1082,4.0,0.7008246025794707
1083,4.0,0.7258160567331948
1084,4.0,0.5253463941726277
1085,4.0,0.7388777942093144
1086,4.0,0.6841168344688796
1087,4.0,0.5946731568851829
1088,4.0,0.7384478910123468
1089,4.0,0.6260969159698162
1090,4.0,0.603492559109281
1091,4.0,0.44341392933268964
1092,4.0,0.6791970436133549
1093,4.0,0.5448754687440016
1094,4.0,0.6264327322997245
1095,4.0,0.4834671427832332
1096,4.0,0.6489949816152887
1097,4.0,0.6198287542508344
1098,4.0,0.7055489214866513
1099,4.0,0.4880490404535727
1100,4.0,0.690694063913748
1101,4.0,0.686103095968766
1102,4.0,0.4982303497172448
1103,4.0,0.7260982417672996
1104,4.0,0.6322537076045501
1105,4.0,0.5741156544014554
1106,4.0,0.7430007814269352
1107,4.0,0.5693247196764263
1108,4.0,0.6821727401094344
1109,4.0,0.5262427181985276
1110,4.0,0.7295847299593963
1111,4.0,0.6897448590461512
1112,4.0,0.42125604295053365
1113,4.0,0.7240057580052286
1114,4.0,0.631588755874045
1115,4.0,0.606810176982336
1116,4.0,0.7760627515761053
1117,4.0,0.7740201976012575
1118,4.0,0.6412261779187668
1119,4.0,0.7701685628602092
1120,4.0,0.7044864669721832
1121,4.0,0.6930813976663229
1122,4.0,0.7396241427104224
1123,4.0,0.7329689290161646
1124,4.0,0.6580610921240372
1125,4.0,0.7152142182102469
1126,4.0,0.29410529218750653
1127,4.0,0.2668160669192812
1128,4.0,0.5736235052802934
1129,4.0,0.5799580327765612
1130,4.0,0.5747986399160524
1131,4.0,0.6334064552716684
1132,4.0,0.6052533574127623
1133,4.0,0.4898631648139882
1134,4.0,0.3021468719176352
1135,4.0,0.5121547983394744
1136,4.0,0.5394309250088754
1137,4.0,0.5649464951232755
1138,4.0,0.6235623344414489
1139,4.0,0.6376323336054988
1140,4.0,0.46795036422022324
1141,4.0,0.5254688681151486
1142,4.0,0.5335543798006391
1143,4.0,0.5940158667082914
1144,4.0,0.6445930858155623
1145,4.0,0.6123781892856891
1146,4.0,0.46761937265634035
1147,4.0,0.5871006613853832
1148,4.0,0.7390205102336178
1149,4.0,0.6645359527074878
1150,4.0,0.6675921251065116
1151,4.0,0.516091233124562
1152,4.0,0.7677375001700769
1153,4.0,0.7322844517796399
1154,4.0,0.7119410965469726
1155,4.0,0.6014844345807712
1156,4.0,0.718492783766882
1157,4.0,0.6875168744891788
1158,4.0,0.793604544445047
1159,4.0,0.755271635080505
1160,4.0,0.659613283955908
1161,4.0,0.6694204028771047
1162,4.0,0.42414542770426134
1163,4.0,0.47851519291648614
1164,4.0,0.5206958468211108
1165,4.0,0.5524648134365681
1166,4.0,0.5846124065302643
1167,4.0,0.6299374243592543
1168,4.0,0.46110213138926665
1169,4.0,0.4731923054693294
1170,4.0,0.4487750164109947
1171,4.0,0.5548385993482344
1172,4.0,0.5792247108840063
1173,4.0,0.5540982870417426
1174,4.0,0.2996106600001831
1175,4.0,0.4954008068957457
1176,4.0,0.6572827022459067
1177,4.0,0.6197901202274885
1178,4.0,0.6505052791797414
1179,4.0,0.48760007296301655
1180,4.0,0.6873123027479662
1181,4.0,0.6585547968975277
1182,4.0,0.7297179243876063
1183,4.0,0.5961422593860982
1184,4.0,0.7293783384899785
1185,4.0,0.6674138014080013
1186,4.0,0.19840478219016186
1187,4.0,0.7171704345908605
1188,4.0,0.7070235119895114
1189,4.0,0.5549090704426949
1190,4.0,0.46982076953831026
1191,4.0,0.5476642663002002
1192,4.0,0.611965262662269
1193,4.0,0.6137688423123783
1194,4.0,0.6206471711371376
1195,4.0,0.438550168227935
1196,4.0,0.5151672833259648
1197,4.0,0.6800712345251706
1198,4.0,0.6098904777971786
1199,4.0,0.675726105533244
1200,4.0,0.52089280550912
1201,4.0,0.7924681359672001
1202,4.0,0.6871488311262094
1203,4.0,0.7437137823850343
1204,4.0,0.5615688678732604
1205,4.0,0.7338847850351896
1206,4.0,0.6835890144670842
1207,4.0,0.5812700881680644
1208,4.0,0.7490353816295137
1209,4.0,0.6494603250687181
1210,4.0,0.6153972109253141
1211,4.0,0.504522045494173
1212,4.0,0.7223346569630136
1213,4.0,0.5556078573246792
1214,4.0,0.6685177808548474
1215,4.0,0.5479548866818407
1216,4.0,0.6886579959637092
1217,4.0,0.6156621017512838
1218,4.0,0.7342633408623213
1219,4.0,0.5356101172139426
1220,4.0,0.7202213663717202
1221,4.0,0.7152313656682359
1222,4.0,0.5440943337555945
1223,4.0,0.7500203021785171
1224,4.0,0.6576274319917395
1225,4.0,0.5956080657832833
1226,4.0,0.730381454008062
1227,4.0,0.6020674550162967
1228,4.0,0.7070959778718343
1229,4.0,0.5326496030980982
1230,4.0,0.7650676317679365
1231,4.0,0.7079800121781117
1232,4.0,0.5842753769097073
1233,4.0,0.7536967615386084
1234,4.0,0.669436403528452
1235,4.0,0.6397402861182032
1236,4.0,0.7931819495379544
1237,4.0,0.7738273349867391
1238,4.0,0.6863029430908913
1239,4.0,0.7946816580011397
1240,4.0,0.7112284847948447
1241,4.0,0.7198790583678487
1242,4.0,0.7497683140787349
1243,4.0,0.7432993812345472
1244,4.0,0.6338524854336219
1245,4.0,0.7383595190236272
1246,4.0,0.3526850779635392
1247,4.0,0.4447527085803531
1248,4.0,0.5861730775062056
1249,4.0,0.6114204638445001
1250,4.0,0.639065247268676
1251,4.0,0.6693126560259327
1252,4.0,0.5370798274272948
1253,4.0,0.4531245730802904
1254,4.0,0.4960614436854834
1255,4.0,0.6566554483534156
1256,4.0,0.6289149023811937
1257,4.0,0.5892817345930129
1258,4.0,0.5050919511443404
1259,4.0,0.5851156313192513
1260,4.0,0.6442767558571396
1261,4.0,0.6568245268967866
1262,4.0,0.625079901323292
1263,4.0,0.5636075599510058
1264,4.0,0.7450801695233247
1265,4.0,0.7216486843296098
1266,4.0,0.7188958334361367
1267,4.0,0.5977450725055613
1268,4.0,0.7339154200247339
1269,4.0,0.6640494192666215
1270,4.0,0.7973751126277375
1271,4.0,0.7325631684331493
1272,4.0,0.6595481520407636
1273,4.0,0.6429560361131692
1274,4.0,0.43485665453241185
1275,4.0,0.5225671567819742
1276,4.0,0.5459641974250339
1277,4.0,0.6681625714719988
1278,4.0,0.6395155231733028
1279,4.0,0.539351767864329
1280,4.0,0.590740988884843
1281,4.0,0.7069113027071696
1282,4.0,0.6212137414203828
1283,4.0,0.6971151967286053
1284,4.0,0.44826130052181956
1285,4.0,0.752758042114197
1286,4.0,0.7037807676141173
1287,4.0,0.7264898639991578
1288,4.0,0.6007510042479689
1289,4.0,0.7223744328388183
1290,4.0,0.694056634115545
1291,4.0,0.7460906041224574
1292,4.0,0.7479081671649459
1293,4.0,0.6343487443178526
1294,4.0,0.6896479249721654
1295,4.0,0.564410828385593
1296,4.0,0.7122395419387174
1297,4.0,0.6953895525758552
1298,4.0,0.6707949416186959
1299,4.0,0.5469260333740651
1300,4.0,0.7498734209051315
1301,4.0,0.720292771325427
1302,4.0,0.6934185228335822
1303,4.0,0.5282335706492444
1304,4.0,0.7402213827758116
1305,4.0,0.725890899318924
1306,4.0,0.7840334469549501
1307,4.0,0.7393652575965993
1308,4.0,0.7109705259940261
1309,4.0,0.6982368954330078
1310,4.0,0.711856135707611
1311,4.0,0.6934425010962084
1312,4.0,0.6856020567198264
1313,4.0,0.5685831130272984
1314,4.0,0.7289854627281183
1315,4.0,0.7013258026738839
1316,4.0,0.7209066668995049
1317,4.0,0.7435440011015406
1318,4.0,0.6797527968371054
1319,4.0,0.6906684869331915
1320,4.0,0.8080677526044104
1321,4.0,0.7542888309837176
1322,4.0,0.8334172471345888
1323,4.0,0.8050287394564274
1324,4.0,0.6978516482052037
1325,4.0,0.7229023090104003
1326,4.0,0.7618761817677981
1327,4.0,0.783656610726202
1328,4.0,0.8061668467570138
1329,4.0,0.7865460436872218
1330,4.0,0.4101835438996631
1331,4.0,0.5635282091167775
1332,4.0,0.5853636389210322
1333,4.0,0.6025703900290493
1334,4.0,0.6386389122053315
1335,4.0,0.4127555120723836
1336,4.0,0.5332774832657117
1337,4.0,0.6386649838563851
1338,4.0,0.5624962658576658
1339,4.0,0.6719195791403382
1340,4.0,0.5270268335556815
1341,4.0,0.7353596541587075
1342,4.0,0.6538169676678671
1343,4.0,0.7392306822866781
1344,4.0,0.6133111249127112
1345,4.0,0.7284372114078796
1346,4.0,0.6791401268232822
1347,4.0,0.5700903943837997
1348,4.0,0.7401153675518258
1349,4.0,0.6281192422973848
1350,4.0,0.6174689760045966
1351,4.0,0.3813090472984062
1352,4.0,0.6132000755576149
1353,4.0,0.5397541583584547
1354,4.0,0.6359072934110485
1355,4.0,0.45312896030799027
1356,4.0,0.6549963832295774
1357,4.0,0.5926278360197379
1358,4.0,0.7176419525615418
1359,4.0,0.5374252090784777
1360,4.0,0.7152751389835854
1361,4.0,0.6720516512136714
1362,4.0,0.4070426106677227
1363,4.0,0.7270609869780127
1364,4.0,0.6920642200550051
1365,4.0,0.5861384727329114
1366,4.0,0.7039374808238115
1367,4.0,0.5892678106771229
1368,4.0,0.700127288534196
1369,4.0,0.5815081745754508
1370,4.0,0.6861603388240987
1371,4.0,0.6636441870335186
1372,4.0,0.5410402534792544
1373,4.0,0.738085781829245
1374,4.0,0.6915737976371878
1375,4.0,0.6023311004250312
1376,4.0,0.784935809142234
1377,4.0,0.7516898490908338
1378,4.0,0.6293729632553341
1379,4.0,0.8119350193269868
1380,4.0,0.7691599731443498
1381,4.0,0.7195843364428951
1382,4.0,0.7407952997119698
1383,4.0,0.7536180457015269
1384,4.0,0.6673461767112552
1385,4.0,0.7343282717720536
1386,4.0,0.5154448499495378
1387,4.0,0.6305749720536056
1388,4.0,0.5519366686375987
1389,4.0,0.6699673481984842
1390,4.0,0.4325096553507548
1391,4.0,0.7449644910872235
1392,4.0,0.6474604020762444
1393,4.0,0.7243728821224973
1394,4.0,0.5794670561728679
1395,4.0,0.7358016204135204
1396,4.0,0.6974856213289446
1397,4.0,0.5762734391668842
1398,4.0,0.7530448395959639
1399,4.0,0.6333724023990024
1400,4.0,0.6109375819252385
1401,4.0,0.7565488223570189
1402,4.0,0.6516474024309856
1403,4.0,0.7008302806990644
1404,4.0,0.547977716961305
1405,4.0,0.7239703892020612
1406,4.0,0.7168662702470393
1407,4.0,0.6321441489414171
1408,4.0,0.7595155575905937
1409,4.0,0.6101216056392796
1410,4.0,0.6497668872934724
1411,4.0,0.7806610304590218
1412,4.0,0.7612623377627317
1413,4.0,0.7323731627272934
1414,4.0,0.7985747281364008
1415,4.0,0.7038403146580609
1416,4.0,0.6987805548624952
1417,4.0,0.7674928504793672
1418,4.0,0.7335184685086789
1419,4.0,0.6926295355269348
1420,4.0,0.731644888515725
1421,4.0,0.6831351433793221
1422,4.0,0.5452426764600643
1423,4.0,0.6999560211997102
1424,4.0,0.5146765622979478
1425,4.0,0.6976434714493442
1426,4.0,0.7003015914723232
1427,4.0,0.5922334494316982
1428,4.0,0.7531470164814379
1429,4.0,0.6558559167933167
1430,4.0,0.627175165512803
1431,4.0,0.7736724419301202
1432,4.0,0.7546803451665299
1433,4.0,0.7130322203317344
1434,4.0,0.7959976883054314
1435,4.0,0.742980656597028
1436,4.0,0.6938697533875777
1437,4.0,0.7555475834651091
1438,4.0,0.7148895059171865
1439,4.0,0.6737583035150867
1440,4.0,0.7297833316459027
1441,4.0,0.7760632061607882
1442,4.0,0.7446823825128472
1443,4.0,0.6606037323655531
1444,4.0,0.7980345382649836
1445,4.0,0.7024558616345922
1446,4.0,0.6659655428198988
1447,4.0,0.7600842302694113
1448,4.0,0.7808241965939238
1449,4.0,0.7160478307856778
1450,4.0,0.7415784286198726
1451,4.0,0.8117834416017075
1452,4.0,0.8066485642965707
1453,4.0,0.7510366464285035
1454,4.0,0.8106488681040578
1455,4.0,0.7433096457730396
1456,5.0,0.6776326587592896
1457,5.0,0.6810338766500642
1458,5.0,0.6957143315667934
1459,5.0,0.7139563395903514
1460,5.0,0.7897515617188003
1461,5.0,0.8062885738644017
1462,5.0,0.7109985557688618
1463,5.0,0.8424713446215155
1464,5.0,0.8247026889944434
1465,5.0,0.7522466463057165
1466,5.0,0.7219854742352239
1467,5.0,0.6719839641357886
1468,5.0,0.6640223619420618
1469,5.0,0.8286606054569428
1470,5.0,0.8001023248184417
1471,5.0,0.847184084349286
1472,5.0,0.8289208132534482
1473,5.0,0.8513761795456767
1474,5.0,0.7753270904814895
1475,5.0,0.7499503601333579
1476,5.0,0.6963596950931712
1477,5.0,0.7802312694332877
1478,5.0,0.7712053447192759
1479,5.0,0.6714103505636165
1480,5.0,0.8413347728112625
1481,5.0,0.8309142420468582
1482,5.0,0.7512659238507724
1483,5.0,0.6916205785846566
1484,5.0,0.8141443276348566
1485,5.0,0.8226524047309467
1486,5.0,0.7596164443529321
1487,5.0,0.841121585880405
1488,5.0,0.8341142678267897
1489,5.0,0.7675443531996472
1490,5.0,0.7839769433042345
1491,5.0,0.7266026681061839
1492,5.0,0.7307449948532292
1493,5.0,0.8137145543679364
1494,5.0,0.8103849535226016
1495,5.0,0.7008362736865452
1496,5.0,0.7707530286352996
1497,5.0,0.7817992007362073
1498,5.0,0.8404191055231104
1499,5.0,0.8179306637097284
1500,5.0,0.8222203858401274
1501,5.0,0.8194157000277763
1502,5.0,0.8624993504554336
1503,5.0,0.8754369279121528
1504,5.0,0.8497572959877356
1505,5.0,0.8122735695241342
1506,5.0,0.8496268580971746
1507,5.0,0.6924513492267336
1508,5.0,0.8470406965651913
1509,5.0,0.866837486764934
1510,5.0,0.8301946833739169
1511,5.0,0.7337243311258277
1512,5.0,0.6801353712492652
1513,5.0,0.6992357529348375
1514,5.0,0.8232500973754451
1515,5.0,0.8406012528104019
1516,5.0,0.8427376215800729
1517,5.0,0.8113265958772393
1518,5.0,0.8376380795236679
1519,5.0,0.7540971563192782
1520,5.0,0.7821944804528561
1521,5.0,0.747882867149898
1522,5.0,0.7839544095225064
1523,5.0,0.8004686736120499
1524,5.0,0.698989246848571
1525,5.0,0.8502654139224372
1526,5.0,0.8204736099819874
1527,5.0,0.7280619497355375
1528,5.0,0.6944086913225527
1529,5.0,0.8041003259330041
1530,5.0,0.811191010231458
1531,5.0,0.7603616043864493
1532,5.0,0.8130702407650685
1533,5.0,0.8175696387210684
1534,5.0,0.7472133906228411
1535,5.0,0.7728831633945723
1536,5.0,0.7334904725936313
1537,5.0,0.7376063042446931
1538,5.0,0.8111640951824027
1539,5.0,0.8048479396552541
1540,5.0,0.7498905636696898
1541,5.0,0.7937212295590713
1542,5.0,0.8580883314136994
1543,5.0,0.8226366199906305
1544,5.0,0.836715695389833
1545,5.0,0.8226706397909154
1546,5.0,0.824285767476053
1547,5.0,0.8232631476380143
1548,5.0,0.8484777420514286
1549,5.0,0.8707490675899506
1550,5.0,0.8508160464115041
1551,5.0,0.8565163131004415
1552,5.0,0.7429488906640136
1553,5.0,0.862185948817016
1554,5.0,0.8314914401079486
1555,5.0,0.8053035955644615
1556,5.0,0.7523724397743272
1557,5.0,0.6764951379432507
1558,5.0,0.8165317443765919
1559,5.0,0.801594498872448
1560,5.0,0.870538380283331
1561,5.0,0.8050944564472624
1562,5.0,0.8603008757598428
1563,5.0,0.7862709967194479
1564,5.0,0.5948426807003682
1565,5.0,0.8061093899209888
1566,5.0,0.8108775559562538
1567,5.0,0.81904211181082
1568,5.0,0.8041600869559646
1569,5.0,0.8407574286718791
1570,5.0,0.7569152881985215
1571,5.0,0.7615294498507692
1572,5.0,0.8018810197757326
1573,5.0,0.8044237523362129
1574,5.0,0.8150239653675635
1575,5.0,0.8274866078488992
1576,5.0,0.7659693091999171
1577,5.0,0.8090507585209286
1578,5.0,0.8699229797454525
1579,5.0,0.7683570435943328
1580,5.0,0.8274223068819503
1581,5.0,0.8079379518622934
1582,5.0,0.8790598612487389
1583,5.0,0.837338199674218
1584,5.0,0.8578752542646981
1585,5.0,0.8321205535554617
1586,5.0,0.8134318558612801
1587,5.0,0.8713114898442137
1588,5.0,0.8564040919664159
1589,5.0,0.8725758410557161
1590,5.0,0.8152909635112884
1591,5.0,0.862385135671534
1592,5.0,0.7255207723385683
1593,5.0,0.7965324381417598
1594,5.0,0.8029882093995181
1595,5.0,0.785236685223266
1596,5.0,0.8066347928252809
1597,5.0,0.833366606666306
1598,5.0,0.75104636076437
1599,5.0,0.7441752573424504
1600,5.0,0.7672610462654581
1601,5.0,0.7239439283861336
1602,5.0,0.7962992988340922
1603,5.0,0.8123378674750271
1604,5.0,0.6701354436226475
1605,5.0,0.791647619103768
1606,5.0,0.78951801998886
1607,5.0,0.7842879658556341
1608,5.0,0.8194343962055308
1609,5.0,0.7654150508386078
1610,5.0,0.84193256311646
1611,5.0,0.8488770055990579
1612,5.0,0.8394758359586952
1613,5.0,0.8096637294573991
1614,5.0,0.8394563641177738
1615,5.0,0.8428518196132451
1616,5.0,0.7384122189818965
1617,5.0,0.8558085485177598
1618,5.0,0.8330452344689869
1619,5.0,0.8079638901263613
1620,5.0,0.7058767468404941
1621,5.0,0.7557441100760314
1622,5.0,0.7398625222863644
1623,5.0,0.7943298583242705
1624,5.0,0.808650352179278
1625,5.0,0.6623804653757639
1626,5.0,0.7784598849218529
1627,5.0,0.8124065005165604
1628,5.0,0.7503596027479856
1629,5.0,0.8280147490442155
1630,5.0,0.7554653222815897
1631,5.0,0.8557190119578476
1632,5.0,0.8352451523895557
1633,5.0,0.851404158451468
1634,5.0,0.8050458844155458
1635,5.0,0.8092909282422718
1636,5.0,0.854756344481197
1637,5.0,0.7638913277222693
1638,5.0,0.8602180810045429
1639,5.0,0.8284984924645883
1640,5.0,0.8367055179330248
1641,5.0,0.7260531550707582
1642,5.0,0.7780588449003429
1643,5.0,0.769419187347551
1644,5.0,0.8441794992377298
1645,5.0,0.7302895996202812
1646,5.0,0.7903846470568259
1647,5.0,0.8248590961299287
1648,5.0,0.8640563328951922
1649,5.0,0.8129571217397575
1650,5.0,0.8337735908200976
1651,5.0,0.832165661734757
1652,5.0,0.6766776631189152
1653,5.0,0.8713522518769304
1654,5.0,0.8522243919659078
1655,5.0,0.8104065750874043
1656,5.0,0.8467837546118155
1657,5.0,0.7814328301795127
1658,5.0,0.8415498268571974
1659,5.0,0.8614831990528165
1660,5.0,0.8076177987847033
1661,5.0,0.8455049338315139
1662,5.0,0.8378797429618533
1663,5.0,0.8576381290210635
1664,5.0,0.8095866641031755
1665,5.0,0.829713578361446
1666,5.0,0.8168663363578723
1667,5.0,0.8739231826386917
1668,5.0,0.872750913476957
1669,5.0,0.8798895801574829
1670,5.0,0.8420948364729381
1671,5.0,0.8669509837093491
1672,5.0,0.8538418349220838
1673,5.0,0.8416514849684885
1674,5.0,0.8549148978727001
1675,5.0,0.8552097891290114
1676,5.0,0.13486748897279488
1677,5.0,0.2598741498077429
1678,5.0,0.21691110583554452
1679,5.0,0.4207731043083888
1680,5.0,0.526512396401088
1681,5.0,0.7540216395853739
1682,5.0,0.5835262543431841
1683,5.0,0.6247298997865284
1684,5.0,0.4162450334711816
1685,5.0,0.34632139898122893
1686,5.0,0.2570672236675158
1687,5.0,0.38534585924584036
1688,5.0,0.5113249418952193
1689,5.0,0.22266668868729964
1690,5.0,0.6567427379658874
1691,5.0,0.5871762951205775
1692,5.0,0.16780674941373733
1693,5.0,0.29738024747629244
1694,5.0,0.5006209976296727
1695,5.0,0.5703538634949232
1696,5.0,0.5546498936814781
1697,5.0,0.6485233563169832
1698,5.0,0.5905121994122531
1699,5.0,0.4385442546242675
1700,5.0,0.4708654078370331
1701,5.0,0.58764250576269
1702,5.0,0.5841889676803876
1703,5.0,0.6242863173937219
1704,5.0,0.5649500882242209
1705,5.0,0.4532390227758284
1706,5.0,0.4172700115182331
1707,5.0,0.6492702065885011
1708,5.0,0.6294864090859675
1709,5.0,0.6426307619608459
1710,5.0,0.6582922935557546
1711,5.0,0.7226889799464327
1712,5.0,0.7333441803589217
1713,5.0,0.7062242056530692
1714,5.0,0.580523417110489
1715,5.0,0.7286959215532911
1716,5.0,0.6810683289952044
1717,5.0,0.32713268545334706
1718,5.0,0.7102422280571048
1719,5.0,0.6591899362264404
1720,5.0,0.5589504046675658
1721,5.0,0.2956458262181042
1722,5.0,0.1901852898348065
1723,5.0,0.39088513621819615
1724,5.0,0.5486193349152381
1725,5.0,0.7682390535326393
1726,5.0,0.6396715454327393
1727,5.0,0.6241513962967826
1728,5.0,0.509043063245785
1729,5.0,0.24766646773455114
1730,5.0,0.512393085302057
1731,5.0,0.5259275540005746
1732,5.0,0.7032618280980663
1733,5.0,0.6399292122456829
1734,5.0,0.648351815560835
1735,5.0,0.4697068084392247
1736,5.0,0.4979941174184748
1737,5.0,0.5409397347971859
1738,5.0,0.7106604764766054
1739,5.0,0.6405357490201729
1740,5.0,0.5771330389067
1741,5.0,0.5528787915330773
1742,5.0,0.5861011011824657
1743,5.0,0.7932377093190832
1744,5.0,0.6526034645697515
1745,5.0,0.6777171793340778
1746,5.0,0.4846517866866357
1747,5.0,0.7715668185082663
1748,5.0,0.7115509607066532
1749,5.0,0.6709531008212761
1750,5.0,0.582532975721357
1751,5.0,0.7373509054888705
1752,5.0,0.735190550680618
1753,5.0,0.7665921638945042
1754,5.0,0.7581757855796033
1755,5.0,0.6496031537477018
1756,5.0,0.6486098677641348
1757,5.0,0.382908701446288
1758,5.0,0.5033970372635559
1759,5.0,0.5399585880511852
1760,5.0,0.5581608606036981
1761,5.0,0.6410134892452153
1762,5.0,0.6051962107663756
1763,5.0,0.5014354602482718
1764,5.0,0.48879689894349415
1765,5.0,0.5168428850048384
1766,5.0,0.534736128123115
1767,5.0,0.6100887147955283
1768,5.0,0.5480806242331218
1769,5.0,0.2684272667048721
1770,5.0,0.4629305325518866
1771,5.0,0.5761229340692314
1772,5.0,0.574357124164465
1773,5.0,0.6138752092336719
1774,5.0,0.4872155935038629
1775,5.0,0.7083712902512944
1776,5.0,0.6928879098044342
1777,5.0,0.7000967011394541
1778,5.0,0.6202437868859495
1779,5.0,0.7316833653174015
1780,5.0,0.6448480047546568
1781,5.0,0.12708079901194727
1782,5.0,0.7225280815714948
1783,5.0,0.6443398254045087
1784,5.0,0.5415361193245465
1785,5.0,0.4520406646478533
1786,5.0,0.5566750348084296
1787,5.0,0.6090290042001875
1788,5.0,0.6533405313727497
1789,5.0,0.5788999610095882
1790,5.0,0.4873384078427489
1791,5.0,0.5349141870677858
1792,5.0,0.6325264517984821
1793,5.0,0.6715229335600345
1794,5.0,0.6482927698634037
1795,5.0,0.5622491021215829
1796,5.0,0.7737353714247311
1797,5.0,0.7210051975506439
1798,5.0,0.7173341446507169
1799,5.0,0.587346076462893
1800,5.0,0.7419462371522025
1801,5.0,0.6758827056774362
1802,5.0,0.6260237030837419
1803,5.0,0.7447768625439694
1804,5.0,0.6619449891856303
1805,5.0,0.6075334962132656
1806,5.0,0.5190378658135854
1807,5.0,0.6954687879895705
1808,5.0,0.6338178059795836
1809,5.0,0.6221555936447664
1810,5.0,0.5709947926230443
1811,5.0,0.7226775494249639
1812,5.0,0.6862692026874812
1813,5.0,0.7042671646954486
1814,5.0,0.6016084093446986
1815,5.0,0.7117373273409151
1816,5.0,0.6613727085815572
1817,5.0,0.5570280159235566
1818,5.0,0.714211020029799
1819,5.0,0.6302906757457951
1820,5.0,0.6312496122858327
1821,5.0,0.7526528537573657
1822,5.0,0.714812585129589
1823,5.0,0.6858599751023535
1824,5.0,0.6313429638010778
1825,5.0,0.7351748859095704
1826,5.0,0.6788461918518193
1827,5.0,0.5402326143951042
1828,5.0,0.7185784934993371
1829,5.0,0.6735743959568202
1830,5.0,0.5920750421241545
1831,5.0,0.7863158036104154
1832,5.0,0.76770839085962
1833,5.0,0.7091759342491418
1834,5.0,0.7989961910824489
1835,5.0,0.7635647756065098
1836,5.0,0.6814443528798356
1837,5.0,0.7480355148660508
1838,5.0,0.7379803277454382
1839,5.0,0.6174543881158265
1840,5.0,0.7145246443905354
1841,5.0,0.34044350238959276
1842,5.0,0.2453375996047903
1843,5.0,0.5351818557416157
1844,5.0,0.5787461816178925
1845,5.0,0.6773544393417297
1846,5.0,0.6200822931146143
1847,5.0,0.6201584415256955
1848,5.0,0.5320194694580112
1849,5.0,0.28755390294715977
1850,5.0,0.5234271053992031
1851,5.0,0.6120239714316646
1852,5.0,0.5655154508652994
1853,5.0,0.6065278114632977
1854,5.0,0.6327704330970929
1855,5.0,0.5026037524179864
1856,5.0,0.47087377366230654
1857,5.0,0.5694304536044484
1858,5.0,0.7186833462748143
1859,5.0,0.6581373212088281
1860,5.0,0.6329008367851974
1861,5.0,0.3908363412982946
1862,5.0,0.5780398568143301
1863,5.0,0.7156396772601428
1864,5.0,0.6737713671889514
1865,5.0,0.6561968748304775
1866,5.0,0.5337448536352879
1867,5.0,0.7643775496268971
1868,5.0,0.704625993324306
1869,5.0,0.6981778892174996
1870,5.0,0.6067050011606016
1871,5.0,0.7123837441531164
1872,5.0,0.7077928362835166
1873,5.0,0.7898029474584788
1874,5.0,0.7620451609835154
1875,5.0,0.6549397425145944
1876,5.0,0.6859598677395836
1877,5.0,0.36109465326303386
1878,5.0,0.445046452447411
1879,5.0,0.5476697256489625
1880,5.0,0.5259115521694203
1881,5.0,0.6078628503163519
1882,5.0,0.622349966232271
1883,5.0,0.5208091289066414
1884,5.0,0.47240070464302547
1885,5.0,0.48930816338109434
1886,5.0,0.52876180104336
1887,5.0,0.6127221283572948
1888,5.0,0.596377335813941
1889,5.0,0.4315034007901676
1890,5.0,0.47493956106951024
1891,5.0,0.6183917177855891
1892,5.0,0.631576322550779
1893,5.0,0.6372381593107864
1894,5.0,0.5795177426021367
1895,5.0,0.6591862906525474
1896,5.0,0.7049766440927444
1897,5.0,0.7374258773235325
1898,5.0,0.6853947305077809
1899,5.0,0.7064775996701758
1900,5.0,0.6760641404236565
1901,5.0,0.31945203480035167
1902,5.0,0.7239961945068587
1903,5.0,0.6845460597130726
1904,5.0,0.53987465667578
1905,5.0,0.4520548785796469
1906,5.0,0.5046170344770267
1907,5.0,0.6127543237189075
1908,5.0,0.6146016528919281
1909,5.0,0.6238703307470416
1910,5.0,0.5221177446019628
1911,5.0,0.5688444074604982
1912,5.0,0.6845984098349888
1913,5.0,0.6268312728536335
1914,5.0,0.6851127979552181
1915,5.0,0.6281554622710036
1916,5.0,0.7503847437984721
1917,5.0,0.7178702234445281
1918,5.0,0.7286748962432507
1919,5.0,0.6473964797010835
1920,5.0,0.723380904925092
1921,5.0,0.6746450902795877
1922,5.0,0.6221457399829663
1923,5.0,0.7465325912149818
1924,5.0,0.6476187754410826
1925,5.0,0.6021728058381499
1926,5.0,0.5705334041726091
1927,5.0,0.7034778904760777
1928,5.0,0.6519563441257208
1929,5.0,0.663770378546078
1930,5.0,0.5919742239394528
1931,5.0,0.7177640637674965
1932,5.0,0.7051798654006262
1933,5.0,0.7241057826508727
1934,5.0,0.6415741418563203
1935,5.0,0.7384353912391247
1936,5.0,0.6712137843799808
1937,5.0,0.5686131757546021
1938,5.0,0.7438689807791637
1939,5.0,0.6825406526722302
1940,5.0,0.6201996984909225
1941,5.0,0.7424821331345801
1942,5.0,0.7248330029026592
1943,5.0,0.7117849419412949
1944,5.0,0.605449966308607
1945,5.0,0.7440038674731151
1946,5.0,0.7173449051402716
1947,5.0,0.6342249280920365
1948,5.0,0.7471678070841324
1949,5.0,0.7117344558194192
1950,5.0,0.617682580871105
1951,5.0,0.8047344595957506
1952,5.0,0.7717190090233329
1953,5.0,0.7394111289429257
1954,5.0,0.807092337589586
1955,5.0,0.7541135421842381
1956,5.0,0.7075353770952278
1957,5.0,0.7480326845230697
1958,5.0,0.7743406729133564
1959,5.0,0.6649623398386715
1960,5.0,0.7391823056131916
1961,5.0,0.2925346871246227
1962,5.0,0.46874094533430744
1963,5.0,0.5846543012416644
1964,5.0,0.6156072052766117
1965,5.0,0.6182161562386412
1966,5.0,0.6270256351479049
1967,5.0,0.5444294313021996
1968,5.0,0.46642011441424747
1969,5.0,0.5260810059747562
1970,5.0,0.7153296571960928
1971,5.0,0.6465766907043701
1972,5.0,0.6127981587617202
1973,5.0,0.5938710820484828
1974,5.0,0.6110997888462547
1975,5.0,0.6607308240729266
1976,5.0,0.6608448931200227
1977,5.0,0.6540447855876652
1978,5.0,0.5432988936049514
1979,5.0,0.7526141796626004
1980,5.0,0.7633973059317197
1981,5.0,0.7062930327717037
1982,5.0,0.6470294093302437
1983,5.0,0.6997473848708471
1984,5.0,0.6783932660336044
1985,5.0,0.8085781530439982
1986,5.0,0.7072213846586067
1987,5.0,0.7013271737594509
1988,5.0,0.6148339510125564
1989,5.0,0.42069791793268657
1990,5.0,0.5557118254749982
1991,5.0,0.577116191598496
1992,5.0,0.6524835197176956
1993,5.0,0.6479194085379485
1994,5.0,0.5783471222293854
1995,5.0,0.5704501215748893
1996,5.0,0.7041888708506256
1997,5.0,0.6469370778710106
1998,5.0,0.668114623966943
1999,5.0,0.5296945017978608
2000,5.0,0.7530835209259904
2001,5.0,0.749509292607345
2002,5.0,0.7126794478877277
2003,5.0,0.6182950688405524
2004,5.0,0.7300127007040569
2005,5.0,0.7014842490929316
2006,5.0,0.7384248448470468
2007,5.0,0.7603590756717327
2008,5.0,0.6430424563063821
2009,5.0,0.6893600177286099
2010,5.0,0.5860221978082532
2011,5.0,0.6926342859497295
2012,5.0,0.6699817126813646
2013,5.0,0.66776644134699
2014,5.0,0.5810103498982233
2015,5.0,0.7413265051359458
2016,5.0,0.7358345780201466
2017,5.0,0.7123637862171331
2018,5.0,0.5773747608683303
2019,5.0,0.7458028788401481
2020,5.0,0.70042344981443
2021,5.0,0.7492224530943528
2022,5.0,0.7320720633561515
2023,5.0,0.7088019396478012
2024,5.0,0.7411366172206901
2025,5.0,0.7635976947996127
2026,5.0,0.7375855871834751
2027,5.0,0.680806434501139
2028,5.0,0.6255443909624775
2029,5.0,0.7281535075540642
2030,5.0,0.732715840587598
2031,5.0,0.7972122307889153
2032,5.0,0.7405750474737507
2033,5.0,0.6981105291536865
2034,5.0,0.65775991052272
2035,5.0,0.7798802089778568
2036,5.0,0.7559575133424946
2037,5.0,0.781213936611743
2038,5.0,0.8010633229284395
2039,5.0,0.7779445249396154
2040,5.0,0.7282420806965425
2041,5.0,0.7446571901315276
2042,5.0,0.778879350277446
2043,5.0,0.7649735404830431
2044,5.0,0.7848702037491232
2045,5.0,0.40863990266938477
2046,5.0,0.5400822286590955
2047,5.0,0.5772017138114198
2048,5.0,0.5977765503869737
2049,5.0,0.6138827391619265
2050,5.0,0.46702280271413965
2051,5.0,0.5243636008944961
2052,5.0,0.6272189367670027
2053,5.0,0.6128559575227468
2054,5.0,0.6710382625313974
2055,5.0,0.5358579013139254
2056,5.0,0.7369502566971593
2057,5.0,0.7014003429729236
2058,5.0,0.7381055158324826
2059,5.0,0.6722344973187122
2060,5.0,0.7415073300375795
2061,5.0,0.6734244112498122
2062,5.0,0.6315747269183122
2063,5.0,0.7620448850431365
2064,5.0,0.6709165882405609
2065,5.0,0.622698516107279
2066,5.0,0.4523064150226481
2067,5.0,0.6156632006571212
2068,5.0,0.5951810264217214
2069,5.0,0.6473431608596202
2070,5.0,0.5230083193459762
2071,5.0,0.6650230730718945
2072,5.0,0.6832110363830275
2073,5.0,0.7226806641072373
2074,5.0,0.6474872269355068
2075,5.0,0.6994576478409024
2076,5.0,0.6827265150864049
2077,5.0,0.46501064862213315
2078,5.0,0.7428442291515334
2079,5.0,0.7172479535664651
2080,5.0,0.5879809564107844
2081,5.0,0.7143908551542881
2082,5.0,0.6663338533239849
2083,5.0,0.7042023180278504
2084,5.0,0.66347479845562
2085,5.0,0.7118851801353759
2086,5.0,0.6675596247914428
2087,5.0,0.5955506620086664
2088,5.0,0.7357624930004629
2089,5.0,0.6738833381068171
2090,5.0,0.5954161773540988
2091,5.0,0.7837293100472407
2092,5.0,0.7692049925894382
2093,5.0,0.6774042901690441
2094,5.0,0.8158699029858024
2095,5.0,0.778489822800195
2096,5.0,0.7310632565334133
2097,5.0,0.7551329569528908
2098,5.0,0.7320018566366735
2099,5.0,0.6043888523259356
2100,5.0,0.7351370913040761
2101,5.0,0.5488491408646199
2102,5.0,0.6183206635736991
2103,5.0,0.6215609541914122
2104,5.0,0.6677293126167968
2105,5.0,0.4745529527111693
2106,5.0,0.730369980291143
2107,5.0,0.6899016528262938
2108,5.0,0.7280008084802634
2109,5.0,0.6187076155150972
2110,5.0,0.7327968434836986
2111,5.0,0.6858339648033178
2112,5.0,0.607446670232763
2113,5.0,0.7631565764582279
2114,5.0,0.6670406784100652
2115,5.0,0.6153648384927018
2116,5.0,0.7674907951895948
2117,5.0,0.7077047364855779
2118,5.0,0.7270244297163586
2119,5.0,0.6493464255521632
2120,5.0,0.731696334570162
2121,5.0,0.7083342076264518
2122,5.0,0.6240988533931638
2123,5.0,0.769681616188693
2124,5.0,0.661507162251272
2125,5.0,0.6606388148018209
2126,5.0,0.7953938583015074
2127,5.0,0.7644158546099782
2128,5.0,0.7357286469584863
2129,5.0,0.811137524115787
2130,5.0,0.7640081429318815
2131,5.0,0.7351094437366914
2132,5.0,0.7604585070533305
2133,5.0,0.7389547761742248
2134,5.0,0.6742235887617017
2135,5.0,0.7508460168329917
2136,5.0,0.7034235598261318
2137,5.0,0.6970308469257963
2138,5.0,0.7031937145981101
2139,5.0,0.6474405660786386
2140,5.0,0.7243726205677898
2141,5.0,0.6946428424470066
2142,5.0,0.6022844770616003
2143,5.0,0.7686325214513131
2144,5.0,0.6970449231056182
2145,5.0,0.6515491951163391
2146,5.0,0.8010871551445222
2147,5.0,0.7507817242205606
2148,5.0,0.7469895146823462
2149,5.0,0.8043532579242336
2150,5.0,0.7819882053933233
2151,5.0,0.6983330322615227
2152,5.0,0.7558066457257853
2153,5.0,0.7601540172453609
2154,5.0,0.688178409882609
2155,5.0,0.7373667467588119
2156,5.0,0.7842184866584854
2157,5.0,0.7400923655627446
2158,5.0,0.7391976765099011
2159,5.0,0.8133560267313727
2160,5.0,0.7706206764560234
2161,5.0,0.6781470096792779
2162,5.0,0.7519854350637145
2163,5.0,0.7443842226055551
2164,5.0,0.6921050397792778
2165,5.0,0.7501398270713556
2166,5.0,0.8043695436950788
2167,5.0,0.8182226057771094
2168,5.0,0.7480677324568755
2169,5.0,0.7911329782721075
2170,5.0,0.7422419095624258
2171,5.0,0.7250715157206464
2172,5.0,0.667999152930805
2173,5.0,0.7100903057810407
2174,5.0,0.8419380302540944
2175,5.0,0.7939192586417239
2176,5.0,0.816424857978499
2177,5.0,0.8081160573026779
2178,5.0,0.8214333612988163
2179,5.0,0.7480501921867307
2180,5.0,0.7431108838910009
2181,5.0,0.6215741093898421
2182,5.0,0.7421405744730224
2183,5.0,0.680684805052226
2184,5.0,0.6918557436435157
2185,5.0,0.7524789678225651
2186,5.0,0.8269439251477587
2187,5.0,0.6055427977438401
2188,5.0,0.6848647308813134
2189,5.0,0.802065938245113
2190,5.0,0.7923298560770723
2191,5.0,0.771489048264474
2192,5.0,0.809084142023569
2193,5.0,0.8181269321246515
2194,5.0,0.6912180978900236
2195,5.0,0.6936800663433229
2196,5.0,0.6298474225979125
2197,5.0,0.7204061472783023
2198,5.0,0.7175236007340571
2199,5.0,0.8046735441844727
2200,5.0,0.6985274193878545
2201,5.0,0.7128520629217944
2202,5.0,0.8481207938384829
2203,5.0,0.7366018314896986
2204,5.0,0.8612108752165969
2205,5.0,0.8070431488872714
2206,5.0,0.8076028357781891
2207,5.0,0.765887481428433
2208,5.0,0.8659142650905597
2209,5.0,0.7723584329699449
2210,5.0,0.8056649614166242
2211,5.0,0.8410823002189538
2212,5.0,0.7127638395414346
2213,5.0,0.8485663612208737
2214,5.0,0.8086025855457138
2215,5.0,0.8037397353632826
2216,5.0,0.7689705395312637
2217,5.0,0.6921867191960628
2218,5.0,0.8320056532787372
2219,5.0,0.7725899302332798
2220,5.0,0.8679694858690465
2221,5.0,0.8170844599709564
2222,5.0,0.8459491267081407
2223,5.0,0.7893706428122513
2224,5.0,0.626833705776894
2225,5.0,0.829418323603817
2226,5.0,0.8020975394883378
2227,5.0,0.8449753699341191
2228,5.0,0.8071607081679075
2229,5.0,0.8397988224635528
2230,5.0,0.781580547824948
2231,5.0,0.7845677306395139
2232,5.0,0.7679088585995003
2233,5.0,0.7925419455448421
2234,5.0,0.807571553014914
2235,5.0,0.8178713382993796
2236,5.0,0.7111676886308802
2237,5.0,0.8166104334817164
2238,5.0,0.8647912271688434
2239,5.0,0.8106686713739895
2240,5.0,0.8282200787247576
2241,5.0,0.8254189030677958
2242,5.0,0.884397478141455
2243,5.0,0.8351983411260119
2244,5.0,0.8434813271043236
2245,5.0,0.8013285288878937
2246,5.0,0.8805321157208876
2247,5.0,0.8605064182051767
2248,5.0,0.8707528801155942
2249,5.0,0.8897009821935777
2250,5.0,0.8072315839563182
2251,5.0,0.8586655368493713
2252,5.0,0.7172792141426486
2253,5.0,0.7953702761907843
2254,5.0,0.8057366183855579
2255,5.0,0.7989249826250127
2256,5.0,0.7931745826988688
2257,5.0,0.8170996595317009
2258,5.0,0.7635270017137203
2259,5.0,0.6903523635187823
2260,5.0,0.6269700533383141
2261,5.0,0.6658138767438709
2262,5.0,0.7171274141569844
2263,5.0,0.8078383219376568
2264,5.0,0.5731566317355206
2265,5.0,0.7070042291872363
2266,5.0,0.7360628957704575
2267,5.0,0.7314405184373736
2268,5.0,0.8228246073231968
2269,5.0,0.7572937540365842
2270,5.0,0.7934530493647154
2271,5.0,0.7461021147295699
2272,5.0,0.8220026789190871
2273,5.0,0.7008019876512572
2274,5.0,0.8037359444074941
2275,5.0,0.8501426679156615
2276,5.0,0.5267395920753077
2277,5.0,0.8545633304534205
2278,5.0,0.812727942599045
2279,5.0,0.8214870539613747
2280,5.0,0.7509544590888204
2281,5.0,0.7521192423036019
2282,5.0,0.7757112484426059
2283,5.0,0.8050149842245157
2284,5.0,0.7842985358146621
2285,5.0,0.6917840912115231
2286,5.0,0.8158873634495033
2287,5.0,0.8211168592008418
2288,5.0,0.8029211325452218
2289,5.0,0.8334122756379843
2290,5.0,0.7783043146564772
2291,5.0,0.8795067997498709
2292,5.0,0.8315658382271098
2293,5.0,0.8494044341974579
2294,5.0,0.8128827176417361
2295,5.0,0.8239850551150432
2296,5.0,0.8256273999006951
2297,5.0,0.766301698632092
2298,5.0,0.8586737374072843
2299,5.0,0.8187307069342842
2300,5.0,0.8387481363713581
2301,5.0,0.6354701365114642
2302,5.0,0.7922393090117811
2303,5.0,0.7610513155259194
2304,5.0,0.8290104556932916
2305,5.0,0.7653884686806475
2306,5.0,0.7610637891888341
2307,5.0,0.7140675370957728
2308,5.0,0.8448069576561016
2309,5.0,0.7180919671036219
2310,5.0,0.8073992787087091
2311,5.0,0.8228609853459515
2312,5.0,0.6876172070063946
2313,5.0,0.8556417231485315
2314,5.0,0.8182442416178393
2315,5.0,0.8093194359264919
2316,5.0,0.8181714685090401
2317,5.0,0.7594646216577469
2318,5.0,0.8339965596517708
2319,5.0,0.8457354589567649
2320,5.0,0.8041515213596357
2321,5.0,0.8444464690502856
2322,5.0,0.77192531192995
2323,5.0,0.8474305662001336
2324,5.0,0.8542973069880726
2325,5.0,0.8185980570183929
2326,5.0,0.8079079051076005
2327,5.0,0.8661108905525298
2328,5.0,0.8413612655611398
2329,5.0,0.8722789115844097
2330,5.0,0.84545676057982
2331,5.0,0.847744309795764
2332,5.0,0.8567386268101845
2333,5.0,0.8558636423851916
2334,5.0,0.8381270073323142
2335,5.0,0.8487980204311268
2336,5.0,0.7670830800964902
2337,5.0,0.6945346406135433
2338,5.0,0.8364355593850821
2339,5.0,0.8188898936354145
2340,5.0,0.8526378195614702
2341,5.0,0.8022871163471187
2342,5.0,0.835401934674717
2343,5.0,0.7595869141436389
2344,5.0,0.649485118467084
2345,5.0,0.8356262405623818
2346,5.0,0.799631156883765
2347,5.0,0.7764853702993784
2348,5.0,0.8046997726329068
2349,5.0,0.8307073806251132
2350,5.0,0.7322181198875933
2351,5.0,0.8090107007545309
2352,5.0,0.7973131565850947
2353,5.0,0.7924205224874203
2354,5.0,0.8247466263456018
2355,5.0,0.8132499802279985
2356,5.0,0.7368979787782004
2357,5.0,0.8212600118768116
2358,5.0,0.8362184003826801
2359,5.0,0.7990472667460755
2360,5.0,0.8421096134913575
2361,5.0,0.8071249466540249
2362,5.0,0.8821584708141296
2363,5.0,0.8405254195153788
2364,5.0,0.8700840347982332
2365,5.0,0.7669034760719506
2366,5.0,0.8477991234064004
2367,5.0,0.8607527761913722
2368,5.0,0.8353591282328037
2369,5.0,0.8582405736856956
2370,5.0,0.8207963768699739
2371,5.0,0.8305348261973111
2372,5.0,0.7421648233332055
2373,5.0,0.7827501120060769
2374,5.0,0.7945946074113047
2375,5.0,0.8108207901375644
2376,5.0,0.7755216375084812
2377,5.0,0.8266359494753234
2378,5.0,0.7271683116769716
2379,5.0,0.6726148401708235
2380,5.0,0.6276483701844336
2381,5.0,0.7240824955873926
2382,5.0,0.7312690980262564
2383,5.0,0.8148080066680721
2384,5.0,0.6331673750339478
2385,5.0,0.706949376473813
2386,5.0,0.7740638619450037
2387,5.0,0.7422570820469104
2388,5.0,0.841923421055013
2389,5.0,0.752005570182544
2390,5.0,0.8109348238207268
2391,5.0,0.7427125807237286
2392,5.0,0.8581424157650419
2393,5.0,0.7618253954658267
2394,5.0,0.7989348749364872
2395,5.0,0.8408732375269863
2396,5.0,0.5978376034126595
2397,5.0,0.8398584126608504
2398,5.0,0.8267899732630143
2399,5.0,0.8190534934402955
2400,5.0,0.7707473266317408
2401,5.0,0.758036867497558
2402,5.0,0.7653581968647472
2403,5.0,0.8051908443400064
2404,5.0,0.7938212610311515
2405,5.0,0.688103829600328
2406,5.0,0.7799339156353279
2407,5.0,0.8397223785803816
2408,5.0,0.7686993820479446
2409,5.0,0.8430868006108374
2410,5.0,0.7452000994413412
2411,5.0,0.8522848935966368
2412,5.0,0.8123697588955276
2413,5.0,0.8632929048456182
2414,5.0,0.7831393509266067
2415,5.0,0.8214769792004323
2416,5.0,0.862843411572865
2417,5.0,0.7457966731081975
2418,5.0,0.857680274372195
2419,5.0,0.8064489758930089
2420,5.0,0.8281789650087474
2421,5.0,0.6388199306942074
2422,5.0,0.8206015547941595
2423,5.0,0.7033045780389325
2424,5.0,0.843177799025542
2425,5.0,0.7692124689690939
2426,5.0,0.7577592449189537
2427,5.0,0.7157291500260304
2428,5.0,0.8522210541855855
2429,5.0,0.7570021114431609
2430,5.0,0.7838783714787594
2431,5.0,0.8274057856040675
2432,5.0,0.7383878553481027
2433,5.0,0.8584508953586235
2434,5.0,0.814491522115629
2435,5.0,0.8047804992369254
2436,5.0,0.8228242443544036
2437,5.0,0.7446676880624258
2438,5.0,0.8555184946126357
2439,5.0,0.7961181252829846
2440,5.0,0.8417097576113753
2441,5.0,0.8472326235531646
2442,5.0,0.8473374506245281
2443,5.0,0.8601384001875111
2444,5.0,0.8199852943380954
2445,5.0,0.837790332880558
2446,5.0,0.8309410384409804
2447,5.0,0.8891323354899023
2448,5.0,0.8308327216232525
2449,5.0,0.8829279422381076
2450,5.0,0.8421470134748299
2451,5.0,0.8694002868136973
2452,5.0,0.845350898738348
2453,5.0,0.8389006093496074
2454,5.0,0.8577125495577067
2455,5.0,0.8655334814893495
2456,5.0,0.6899545823172901
2457,5.0,0.7583437586885555
2458,5.0,0.7684336447755036
2459,5.0,0.8352571391023657
2460,5.0,0.7766355452325141
2461,5.0,0.8371700263563171
2462,5.0,0.785112431690609
2463,5.0,0.7512505848062428
2464,5.0,0.7473086275171149
2465,5.0,0.8405345166502399
2466,5.0,0.8000495570478289
2467,5.0,0.8341826901707743
2468,5.0,0.7111389412671164
2469,5.0,0.7828835052490821
2470,5.0,0.873906356039137
2471,5.0,0.7776492351368851
2472,5.0,0.8438564691812058
2473,5.0,0.8008860474818419
2474,5.0,0.8983418910924603
2475,5.0,0.8184939372121003
2476,5.0,0.844886962279115
2477,5.0,0.7919032319161536
2478,5.0,0.8649712384151396
2479,5.0,0.8624666479004435
2480,5.0,0.8990594017142127
2481,5.0,0.872306938975045
2482,5.0,0.7951865885856169
2483,5.0,0.845545128442441
2484,5.0,0.7628722434923235
2485,5.0,0.7718886051722662
2486,5.0,0.7564079669709882
2487,5.0,0.8043018360239215
2488,5.0,0.8302132584649918
2489,5.0,0.6611302373450744
2490,5.0,0.7744126250825929
2491,5.0,0.8497010259846527
2492,5.0,0.763949834401205
2493,5.0,0.840893309278297
2494,5.0,0.7846607500476825
2495,5.0,0.8924458095588287
2496,5.0,0.8151451019295887
2497,5.0,0.8623014036050601
2498,5.0,0.7898707320483606
2499,5.0,0.8321470703536823
2500,5.0,0.8544326312224251
2501,5.0,0.859569627853765
2502,5.0,0.8758476049862016
2503,5.0,0.7824022720870387
2504,5.0,0.865356487224145
2505,5.0,0.8073385211330227
2506,5.0,0.8363063994355221
2507,5.0,0.8122920555665585
2508,5.0,0.8303277320094735
2509,5.0,0.7641450884892073
2510,5.0,0.8570338432549255
2511,5.0,0.8514080359307814
2512,5.0,0.8500983953883912
2513,5.0,0.7852778299841972
2514,5.0,0.8552494012038472
2515,5.0,0.8381618619469464
2516,5.0,0.8373086325426111
2517,5.0,0.8636191147812434
2518,5.0,0.8274001710643056
2519,5.0,0.8315555723980449
2520,5.0,0.8418123455035472
2521,5.0,0.8408173694708325
2522,5.0,0.8560094616300933
2523,5.0,0.7894619696055016
2524,5.0,0.8545774040727537
2525,5.0,0.8343857803568376
2526,5.0,0.8426913907785418
2527,5.0,0.8567974385203584
2528,5.0,0.7843604254329232
2529,5.0,0.8614047997561952
2530,5.0,0.8691420894636166
2531,5.0,0.8627434097301234
2532,5.0,0.8917679780304771
2533,5.0,0.8937778858869135
2534,5.0,0.8328173688394163
2535,5.0,0.8640991701119602
2536,5.0,0.8781457011888791
2537,5.0,0.8442113563225787
2538,5.0,0.8706525584347238
2539,5.0,0.891220386206973
2540,5.0,0.7117613069250512
2541,5.0,0.7019158952307928
2542,5.0,0.7652317943385716
2543,5.0,0.7366646542511249
2544,5.0,0.8061837155248743
2545,5.0,0.6484232485518681
2546,5.0,0.7453309727911718
2547,5.0,0.7969972081997315
2548,5.0,0.7136812473865175
2549,5.0,0.8380376294936099
2550,5.0,0.742061111646074
2551,5.0,0.8475697911398041
2552,5.0,0.7895891932837935
2553,5.0,0.850424180899155
2554,5.0,0.7912871957452529
2555,5.0,0.8002117893128544
2556,5.0,0.8544127385230261
2557,5.0,0.7666960799605139
2558,5.0,0.8530019110877222
2559,5.0,0.7835148384870018
2560,5.0,0.8209008457809527
2561,5.0,0.595300571241215
2562,5.0,0.74647616365703
2563,5.0,0.6660578716009555
2564,5.0,0.8241126870621529
2565,5.0,0.6529293454158848
2566,5.0,0.7695027450536135
2567,5.0,0.6780161976267597
2568,5.0,0.844925257871424
2569,5.0,0.7102832477678537
2570,5.0,0.7692613617375634
2571,5.0,0.8367429862209258
2572,5.0,0.6837349027186119
2573,5.0,0.848731619944104
2574,5.0,0.7969759221003708
2575,5.0,0.8086923550108583
2576,5.0,0.8191301009315874
2577,5.0,0.6799426672741353
2578,5.0,0.8310543283935125
2579,5.0,0.7863963562416644
2580,5.0,0.7917772760605148
2581,5.0,0.8538983060305624
2582,5.0,0.7310879717501385
2583,5.0,0.847079683554614
2584,5.0,0.8025617223818151
2585,5.0,0.7985246502026657
2586,5.0,0.782917484294614
2587,5.0,0.8604018562000242
2588,5.0,0.7942440930240546
2589,5.0,0.859578308111334
2590,5.0,0.7900177820474078
2591,5.0,0.837925002595032
2592,5.0,0.8444413839317533
2593,5.0,0.8596591837141325
2594,5.0,0.8325886037470039
2595,5.0,0.8430673676913354
2596,5.0,0.7233957947585314
2597,5.0,0.74285570959166
2598,5.0,0.7386946027687843
2599,5.0,0.843599186190488
2600,5.0,0.6886162752319904
2601,5.0,0.8693236808435958
2602,5.0,0.7813143228477115
2603,5.0,0.8429152869289082
2604,5.0,0.7204753971809362
2605,5.0,0.8285193785279117
2606,5.0,0.8376329756274136
2607,5.0,0.706318159946009
2608,5.0,0.8680243517525751
2609,5.0,0.779458549033872
2610,5.0,0.8143829471482179
2611,5.0,0.8551900289103432
2612,5.0,0.7961694626296936
2613,5.0,0.8493504269696284
2614,5.0,0.7585381143739984
2615,5.0,0.7957646587446179
2616,5.0,0.8500455910804176
2617,5.0,0.7682702462729095
2618,5.0,0.8472757491845506
2619,5.0,0.7498939373129172
2620,5.0,0.8401093739443802
2621,5.0,0.8321880607103604
2622,5.0,0.8498390421315607
2623,5.0,0.8437974180800373
2624,5.0,0.8560041101940971
2625,5.0,0.7963650824186678
2626,5.0,0.8391422764917446
2627,5.0,0.8446665148912442
2628,5.0,0.8295385576213883
2629,5.0,0.843431386873998
2630,5.0,0.867580963886449
2631,5.0,0.7789076694378322
2632,5.0,0.6489033024907952
2633,5.0,0.8557615332573502
2634,5.0,0.7488606171497865
2635,5.0,0.8019355436498701
2636,5.0,0.8544716492702482
2637,5.0,0.7657657456601368
2638,5.0,0.8627097940488198
2639,5.0,0.8076318541931745
2640,5.0,0.8131848542079838
2641,5.0,0.7898431150403558
2642,5.0,0.8540808698076281
2643,5.0,0.8177749708793836
2644,5.0,0.8848897539587672
2645,5.0,0.8653300200032848
2646,5.0,0.8352732315844661
2647,5.0,0.848778990642502
2648,5.0,0.8336863517584456
2649,5.0,0.83509841686308
2650,5.0,0.8672991288075245
2651,5.0,0.7998962371824428
2652,5.0,0.8668918050009982
2653,5.0,0.8489115011484238
2654,5.0,0.8640745046667448
2655,5.0,0.8014074869942145
2656,5.0,0.8236669511855259
2657,5.0,0.8640977542493116
2658,5.0,0.8487720219640703
2659,5.0,0.8606853793662466
2660,5.0,0.8409567192250393
2661,5.0,0.89850885583979
2662,5.0,0.8750262824082734
2663,5.0,0.8883336134151469
2664,5.0,0.870249451872821
2665,5.0,0.8725444693762513
2666,5.0,0.3576187701158997
2667,5.0,0.30436221377484374
2668,5.0,0.5519963174715796
2669,5.0,0.6108278025037428
2670,5.0,0.6583189506785119
2671,5.0,0.6210717596476081
2672,5.0,0.5699979793571248
2673,5.0,0.40090812100405526
2674,5.0,0.3002691874540515
2675,5.0,0.5133580207765857
2676,5.0,0.51253753270752
2677,5.0,0.6154985932052033
2678,5.0,0.6111520108830628
2679,5.0,0.6563224992948091
2680,5.0,0.4143664562113459
2681,5.0,0.5225433495527863
2682,5.0,0.5500757084084245
2683,5.0,0.6392645668256142
2684,5.0,0.608541450640836
2685,5.0,0.6010741747922841
2686,5.0,0.39398717796604493
2687,5.0,0.521916046098018
2688,5.0,0.7419878716910842
2689,5.0,0.6561178049213695
2690,5.0,0.6542398996867611
2691,5.0,0.5244365444167153
2692,5.0,0.7802990495948995
2693,5.0,0.6878417787032777
2694,5.0,0.6878791840302271
2695,5.0,0.558674045398511
2696,5.0,0.7779865344267658
2697,5.0,0.6877298487835142
2698,5.0,0.7454099865789997
2699,5.0,0.7093556634100394
2700,5.0,0.6359071422585351
2701,5.0,0.6150176456887455
2702,5.0,0.3808574214965076
2703,5.0,0.524038052633013
2704,5.0,0.557375207676588
2705,5.0,0.5670062429698857
2706,5.0,0.6019554251080498
2707,5.0,0.5963949040172465
2708,5.0,0.4257161445073646
2709,5.0,0.5390694342183973
2710,5.0,0.4162774602717514
2711,5.0,0.5408189656518988
2712,5.0,0.583832368222645
2713,5.0,0.5593724953210012
2714,5.0,0.2494096945511656
2715,5.0,0.4510778259364872
2716,5.0,0.6772154034937018
2717,5.0,0.5657825974803328
2718,5.0,0.6308585867167101
2719,5.0,0.5231295507450326
2720,5.0,0.7210169102725728
2721,5.0,0.6452142550916352
2722,5.0,0.7091982300344212
2723,5.0,0.5969784906330405
2724,5.0,0.7128394374273636
2725,5.0,0.6595828610443808
2726,5.0,0.26793835951280986
2727,5.0,0.7241186670854012
2728,5.0,0.6457574625003727
2729,5.0,0.5823719815003356
2730,5.0,0.49330563845334896
2731,5.0,0.5683457392347212
2732,5.0,0.6102636045517342
2733,5.0,0.6427997485925134
2734,5.0,0.5998382315735012
2735,5.0,0.4027315426915618
2736,5.0,0.5686901040381843
2737,5.0,0.6757060500372742
2738,5.0,0.6300098690806705
2739,5.0,0.6720766148980254
2740,5.0,0.4974445115426265
2741,5.0,0.7670668687312161
2742,5.0,0.6899524176810465
2743,5.0,0.708967136790994
2744,5.0,0.5378656590613898
2745,5.0,0.7257051056086607
2746,5.0,0.6803666435554212
2747,5.0,0.6145641665272517
2748,5.0,0.7319088700568357
2749,5.0,0.6395314884825574
2750,5.0,0.5881164786872204
2751,5.0,0.45008606824110703
2752,5.0,0.715013308001294
2753,5.0,0.5412467339950693
2754,5.0,0.6465404381994161
2755,5.0,0.5903819192916983
2756,5.0,0.7268341847053112
2757,5.0,0.606309606966362
2758,5.0,0.7114325737343024
2759,5.0,0.5083012601214302
2760,5.0,0.6999496106221547
2761,5.0,0.6820416304356809
2762,5.0,0.5445909665161587
2763,5.0,0.7447751604311114
2764,5.0,0.6302318781204641
2765,5.0,0.5798208686521034
2766,5.0,0.7804806669531454
2767,5.0,0.5918165558114822
2768,5.0,0.6888150576151401
2769,5.0,0.5774539533215646
2770,5.0,0.7084376116789534
2771,5.0,0.7100046381234733
2772,5.0,0.6031672087590512
2773,5.0,0.732005230100125
2774,5.0,0.6664184099557198
2775,5.0,0.6190594851113587
2776,5.0,0.7524920500306574
2777,5.0,0.7684287615612584
2778,5.0,0.7263750050438715
2779,5.0,0.7899234106298432
2780,5.0,0.7122077472522307
2781,5.0,0.6847691974100196
2782,5.0,0.7358805507559647
2783,5.0,0.7334701872172041
2784,5.0,0.6423357325461032
2785,5.0,0.7153299491429911
2786,5.0,0.3352701222320116
2787,5.0,0.5227870086389387
2788,5.0,0.5651935036788084
2789,5.0,0.6122191637949478
2790,5.0,0.6139208901315246
2791,5.0,0.6318040989493753
2792,5.0,0.48309969421956617
2793,5.0,0.5195831103980679
2794,5.0,0.5993159747038637
2795,5.0,0.7269150755090124
2796,5.0,0.6193322454812652
2797,5.0,0.5734932320218705
2798,5.0,0.5213951477807003
2799,5.0,0.634746625526016
2800,5.0,0.7385523786672548
2801,5.0,0.6571288542940887
2802,5.0,0.6478844530769374
2803,5.0,0.613797479862055
2804,5.0,0.7332855354504407
2805,5.0,0.7229030733882043
2806,5.0,0.6868200599040493
2807,5.0,0.6022279672746722
2808,5.0,0.7281809839632429
2809,5.0,0.6761505562476942
2810,5.0,0.6881772609602107
2811,5.0,0.7060047132227673
2812,5.0,0.6373358850899774
2813,5.0,0.6267468145368463
2814,5.0,0.48315730216714786
2815,5.0,0.5063421396614812
2816,5.0,0.6095535585317895
2817,5.0,0.6379419037698868
2818,5.0,0.635063056040429
2819,5.0,0.39539804443679905
2820,5.0,0.5562690746327993
2821,5.0,0.7064934461329959
2822,5.0,0.6339395360639867
2823,5.0,0.6637642622875297
2824,5.0,0.5270786793538608
2825,5.0,0.7571586972762883
2826,5.0,0.6827578122440782
2827,5.0,0.7120014279723
2828,5.0,0.4956021657232974
2829,5.0,0.7345136871501426
2830,5.0,0.7229617275723502
2831,5.0,0.7140027206994007
2832,5.0,0.7358323835077394
2833,5.0,0.6351255194206167
2834,5.0,0.7027212316734162
2835,5.0,0.5458099188635024
2836,5.0,0.7376580987222386
2837,5.0,0.62561150654315
2838,5.0,0.6453079431205055
2839,5.0,0.5578194070091197
2840,5.0,0.7614628450751779
2841,5.0,0.707740746960477
2842,5.0,0.6990234525581906
2843,5.0,0.51834516029077
2844,5.0,0.7564377480274977
2845,5.0,0.7045918422935871
2846,5.0,0.739470151451988
2847,5.0,0.7302401334850344
2848,5.0,0.6612519867869077
2849,5.0,0.6018471107957022
2850,5.0,0.782877915757703
2851,5.0,0.7217618157290734
2852,5.0,0.6934754507055773
2853,5.0,0.569026372321441
2854,5.0,0.7724208445016164
2855,5.0,0.7249796174205807
2856,5.0,0.7739445073597154
2857,5.0,0.7517578506962654
2858,5.0,0.6531151386181588
2859,5.0,0.6651788547633762
2860,5.0,0.806336452876609
2861,5.0,0.779982743945135
2862,5.0,0.8203083454714175
2863,5.0,0.7850095873465814
2864,5.0,0.710947591240786
2865,5.0,0.7222639753150585
2866,5.0,0.7587967513642003
2867,5.0,0.7850349885149482
2868,5.0,0.7794323101454848
2869,5.0,0.773475153954062
2870,5.0,0.4826721989140395
2871,5.0,0.523407844310865
2872,5.0,0.6257103082323694
2873,5.0,0.6168073264799134
2874,5.0,0.5850287373042424
2875,5.0,0.4237874730552116
2876,5.0,0.5613697801889272
2877,5.0,0.6531229366314731
2878,5.0,0.6267615752752889
2879,5.0,0.6624481305706813
2880,5.0,0.5427400276907532
2881,5.0,0.7915861833247653
2882,5.0,0.714765739924285
2883,5.0,0.7059253460319558
2884,5.0,0.5658002946748528
2885,5.0,0.725433685385301
2886,5.0,0.6656186971885473
2887,5.0,0.5774114879884419
2888,5.0,0.7318412957915619
2889,5.0,0.6299902389963982
2890,5.0,0.5663439882584421
2891,5.0,0.45770979688417057
2892,5.0,0.6671298791192709
2893,5.0,0.594990820799046
2894,5.0,0.6010340815225669
2895,5.0,0.5003771504722643
2896,5.0,0.6591110123576622
2897,5.0,0.6355454844601706
2898,5.0,0.7103762760826201
2899,5.0,0.5174958420987831
2900,5.0,0.6995635861008462
2901,5.0,0.6529539099708588
2902,5.0,0.39530028375577675
2903,5.0,0.7112404527621792
2904,5.0,0.6755413691770834
2905,5.0,0.5747764110451304
2906,5.0,0.7404795562784453
2907,5.0,0.6639680738410322
2908,5.0,0.6927777239376149
2909,5.0,0.5850507428063981
2910,5.0,0.7196363957398132
2911,5.0,0.6924218728240734
2912,5.0,0.4860918540552929
2913,5.0,0.7236271823724271
2914,5.0,0.6960213318112805
2915,5.0,0.5639150823243396
2916,5.0,0.7815655170387935
2917,5.0,0.7499149787258909
2918,5.0,0.6778649361219833
2919,5.0,0.8133023726412961
2920,5.0,0.7595924891333924
2921,5.0,0.7053255224650934
2922,5.0,0.7214100210731919
2923,5.0,0.7327180760050577
2924,5.0,0.6455602783485072
2925,5.0,0.725465196585335
2926,5.0,0.5534902155519821
2927,5.0,0.703485229605037
2928,5.0,0.6504817451610383
2929,5.0,0.6633461820874392
2930,5.0,0.5092047273175214
2931,5.0,0.768070577176145
2932,5.0,0.6800677691041149
2933,5.0,0.7145316032606454
2934,5.0,0.5564250163296607
2935,5.0,0.7380803500537364
2936,5.0,0.6978308121047878
2937,5.0,0.6092338573226447
2938,5.0,0.7365093272816635
2939,5.0,0.6295770487935995
2940,5.0,0.6081687181326685
2941,5.0,0.7699028125392123
2942,5.0,0.6918243860370872
2943,5.0,0.6893043522546445
2944,5.0,0.5769217306081136
2945,5.0,0.7252452586331682
2946,5.0,0.7209407499283231
2947,5.0,0.6200724941604351
2948,5.0,0.7401109158666876
2949,5.0,0.6403281207728067
2950,5.0,0.6320950609381346
2951,5.0,0.7933217088477468
2952,5.0,0.7658764235214564
2953,5.0,0.7700001709490346
2954,5.0,0.7833701719541932
2955,5.0,0.6882621216302369
2956,5.0,0.6755545434332966
2957,5.0,0.7586388742159689
2958,5.0,0.7250960900316152
2959,5.0,0.6655762227111296
2960,5.0,0.7188620936326339
2961,5.0,0.7155035312670011
2962,5.0,0.6409573033766673
2963,5.0,0.68848971077436
2964,5.0,0.5139633134892622
2965,5.0,0.7031466121362087
2966,5.0,0.7020902436531864
2967,5.0,0.6840432221407627
2968,5.0,0.7188600896594901
2969,5.0,0.6762150077788905
2970,5.0,0.6238882722235984
2971,5.0,0.7525579665818802
2972,5.0,0.7559850206856592
2973,5.0,0.6953451516536643
2974,5.0,0.7785231912925251
2975,5.0,0.6916768604262552
2976,5.0,0.6690556865623126
2977,5.0,0.7420070239897893
2978,5.0,0.7469734386737499
2979,5.0,0.6831617267814106
2980,5.0,0.7216238264971216
2981,5.0,0.7743704892041252
2982,5.0,0.7464492697604475
2983,5.0,0.7205558812013773
2984,5.0,0.7857563661813695
2985,5.0,0.7015721681743392
2986,5.0,0.6703469741412335
2987,5.0,0.7498914780009709
2988,5.0,0.7645089442337875
2989,5.0,0.6740246672014647
2990,5.0,0.7083146496701891
2991,5.0,0.795752893188604
2992,5.0,0.7983684514678863
2993,5.0,0.7501625974515979
2994,5.0,0.7785418807623787
2995,5.0,0.7402639213626337
2996,5.0,0.3799268116161714
2997,5.0,0.578833320796003
2998,5.0,0.6100120942600457
2999,5.0,0.5787597659417495
3000,5.0,0.6266409581054844
3001,5.0,0.6300191418013265
3002,5.0,0.4634038360082675
3003,5.0,0.5952495317074099
3004,5.0,0.5779332179551846
3005,5.0,0.6048655150444703
3006,5.0,0.6598816886363014
3007,5.0,0.6142952301172634
3008,5.0,0.5148092312052521
3009,5.0,0.6431773618840454
3010,5.0,0.7292664699176251
3011,5.0,0.6779673683740155
3012,5.0,0.6305586849149564
3013,5.0,0.6368322600638554
3014,5.0,0.7727196605388187
3015,5.0,0.738153657943594
3016,5.0,0.722691915040532
3017,5.0,0.5745032936173199
3018,5.0,0.7357073356304267
3019,5.0,0.6527184315066976
3020,5.0,0.7934401682616198
3021,5.0,0.7279459250814854
3022,5.0,0.668405919932185
3023,5.0,0.688940623718309
3024,5.0,0.48052344311883094
3025,5.0,0.5593195993020337
3026,5.0,0.5749102383434241
3027,5.0,0.6298308461193886
3028,5.0,0.6598379815007558
3029,5.0,0.5134387796605485
3030,5.0,0.5797281159341446
3031,5.0,0.6780651849344032
3032,5.0,0.6312632957434905
3033,5.0,0.6857087877317306
3034,5.0,0.5324280215853489
3035,5.0,0.7619262248813514
3036,5.0,0.6966249609077002
3037,5.0,0.7161126993575649
3038,5.0,0.540591147615321
3039,5.0,0.7191049541474298
3040,5.0,0.687237187950958
3041,5.0,0.7292953136386419
3042,5.0,0.7760612409633141
3043,5.0,0.6102286318357597
3044,5.0,0.6626781578016535
3045,5.0,0.5975406558302658
3046,5.0,0.7558545681995416
3047,5.0,0.6536614566239207
3048,5.0,0.6738474656788422
3049,5.0,0.494790704169352
3050,5.0,0.7619496437772544
3051,5.0,0.7157499291232805
3052,5.0,0.6980279593124809
3053,5.0,0.5883802633566082
3054,5.0,0.7601584011141759
3055,5.0,0.6760047859618157
3056,5.0,0.7617572651183939
3057,5.0,0.7403012476390969
3058,5.0,0.6878386047227091
3059,5.0,0.6342382689378405
3060,5.0,0.7380244941158898
3061,5.0,0.7261529484885759
3062,5.0,0.6944851389893747
3063,5.0,0.5944819803103172
3064,5.0,0.7803553961265881
3065,5.0,0.6999126344892935
3066,5.0,0.7567148952092241
3067,5.0,0.7552752355903355
3068,5.0,0.6782099229455946
3069,5.0,0.6096820674349213
3070,5.0,0.7875820380088032
3071,5.0,0.7585318043147541
3072,5.0,0.819332259439918
3073,5.0,0.7910154059819865
3074,5.0,0.7114580616613264
3075,5.0,0.7361775410237468
3076,5.0,0.7625662686936615
3077,5.0,0.7661542911113928
3078,5.0,0.7944743489022285
3079,5.0,0.759779879955572
3080,5.0,0.45213772143532566
3081,5.0,0.5655184729529168
3082,5.0,0.5949329479305443
3083,5.0,0.6108603279562607
3084,5.0,0.6502055559478053
3085,5.0,0.48734766367270016
3086,5.0,0.5168720946406905
3087,5.0,0.7010387126835554
3088,5.0,0.6077488163876983
3089,5.0,0.7110954874695293
3090,5.0,0.627182090471067
3091,5.0,0.7888300676116298
3092,5.0,0.671979142776983
3093,5.0,0.7399569623298544
3094,5.0,0.6419439313566281
3095,5.0,0.714751018402354
3096,5.0,0.6803241887240962
3097,5.0,0.6303392978679208
3098,5.0,0.7336833709170728
3099,5.0,0.6494089752638534
3100,5.0,0.6114956481728275
3101,5.0,0.5063429680803476
3102,5.0,0.6774521535639926
3103,5.0,0.597980505288125
3104,5.0,0.6305368509870228
3105,5.0,0.6016557444152711
3106,5.0,0.6817246049622316
3107,5.0,0.6501840617032664
3108,5.0,0.7269632245991475
3109,5.0,0.6560628613312653
3110,5.0,0.7029052186153351
3111,5.0,0.6786161822699915
3112,5.0,0.5012599196214543
3113,5.0,0.7376168914766031
3114,5.0,0.6875038382664476
3115,5.0,0.608466723856933
3116,5.0,0.7602731731979994
3117,5.0,0.6567630023919289
3118,5.0,0.7091083364960328
3119,5.0,0.6369318316389783
3120,5.0,0.77214562633241
3121,5.0,0.7336401130471805
3122,5.0,0.6337348799863852
3123,5.0,0.7350479564388244
3124,5.0,0.6755144070601973
3125,5.0,0.6169269740281419
3126,5.0,0.7923753478218933
3127,5.0,0.77387569516563
3128,5.0,0.7200172204942338
3129,5.0,0.8275774564238209
3130,5.0,0.7765332055284558
3131,5.0,0.7278200960722234
3132,5.0,0.7383763840665692
3133,5.0,0.7530425559124952
3134,5.0,0.6466855706798584
3135,5.0,0.7345351298327277
3136,5.0,0.5267330341801459
3137,5.0,0.6894743722094303
3138,5.0,0.6051769390032539
3139,5.0,0.6911019013731998
3140,5.0,0.4939036110399608
3141,5.0,0.7781838508534159
3142,5.0,0.679163848284118
3143,5.0,0.7264684069937632
3144,5.0,0.5935029605212255
3145,5.0,0.7373890531798888
3146,5.0,0.696326189707798
3147,5.0,0.6082817012648588
3148,5.0,0.7578995206046559
3149,5.0,0.6169022395869586
3150,5.0,0.6219956641365508
3151,5.0,0.757899961946991
3152,5.0,0.6944995430963579
3153,5.0,0.7118779663186524
3154,5.0,0.5655783634661697
3155,5.0,0.7335249155246798
3156,5.0,0.7273541690176424
3157,5.0,0.6670053818394813
3158,5.0,0.7567658010163127
3159,5.0,0.6631880421404192
3160,5.0,0.6550263195443465
3161,5.0,0.7825722543502174
3162,5.0,0.7636037708709729
3163,5.0,0.7523108449562801
3164,5.0,0.7956173677872873
3165,5.0,0.7153471728081292
3166,5.0,0.7013959959974885
3167,5.0,0.761924662370373
3168,5.0,0.739145479276796
3169,5.0,0.6790236332981199
3170,5.0,0.7225386069441737
3171,5.0,0.758912231464437
3172,5.0,0.6028249471200784
3173,5.0,0.7101066998953396
3174,5.0,0.5409052720091538
3175,5.0,0.7347743129712829
3176,5.0,0.7271558472059129
3177,5.0,0.7321777821750489
3178,5.0,0.7467984676916983
3179,5.0,0.6939982458431562
3180,5.0,0.631353486679643
3181,5.0,0.7661793721525549
3182,5.0,0.7691381577974983
3183,5.0,0.7195439879399029
3184,5.0,0.7974480219181592
3185,5.0,0.6983545275739772
3186,5.0,0.7094976867435211
3187,5.0,0.751844814953569
3188,5.0,0.7344839438193779
3189,5.0,0.7186034481812564
3190,5.0,0.750342268463799
3191,5.0,0.7939652831903374
3192,5.0,0.7582556137935664
3193,5.0,0.7527861253065784
3194,5.0,0.7993441384959369
3195,5.0,0.7497749452176339
3196,5.0,0.6858176910537059
3197,5.0,0.7703363070162315
3198,5.0,0.7512095151836061
3199,5.0,0.7298499962932783
3200,5.0,0.7405301198791582
3201,5.0,0.8057592367822554
3202,5.0,0.8225118993291977
3203,5.0,0.765058176055434
3204,5.0,0.7737072677572665
3205,5.0,0.7398978086374711
3206,5.0,0.47818038135572294
3207,5.0,0.5412377451911209
3208,5.0,0.5916648764657103
3209,5.0,0.6333410960802444
3210,5.0,0.6414136498228195
3211,5.0,0.5321874446078264
3212,5.0,0.577876782636155
3213,5.0,0.6748497892225084
3214,5.0,0.658187342387065
3215,5.0,0.66308960958784
3216,5.0,0.5731187855950713
3217,5.0,0.7388761696663929
3218,5.0,0.7238410223317991
3219,5.0,0.7245512035205902
3220,5.0,0.667188041737124
3221,5.0,0.7330892651671044
3222,5.0,0.6778626366618626
3223,5.0,0.7426000963606355
3224,5.0,0.730309138665368
3225,5.0,0.6437425430540215
3226,5.0,0.6749244577508736
3227,5.0,0.5480652279855655
3228,5.0,0.6728627586576496
3229,5.0,0.6924863582800206
3230,5.0,0.6228247099285544
3231,5.0,0.5459117219852543
3232,5.0,0.735210126286432
3233,5.0,0.748840321843486
3234,5.0,0.7083703471119165
3235,5.0,0.5633989641201683
3236,5.0,0.7517284695732447
3237,5.0,0.6899442776033928
3238,5.0,0.7917763452517165
3239,5.0,0.7519455944644599
3240,5.0,0.6613862280534324
3241,5.0,0.6471947727726355
3242,5.0,0.7403969606011299
3243,5.0,0.7242641714975933
3244,5.0,0.6879886272930236
3245,5.0,0.5838253994773527
3246,5.0,0.7497123387354184
3247,5.0,0.6912112197236746
3248,5.0,0.7842687920948053
3249,5.0,0.7389169227723555
3250,5.0,0.6815368947057656
3251,5.0,0.6741766109228817
3252,5.0,0.8075803160385485
3253,5.0,0.7454877835893127
3254,5.0,0.7763963023824482
3255,5.0,0.8198446753533449
3256,5.0,0.6958539188538166
3257,5.0,0.7187736325991096
3258,5.0,0.7345767487196464
3259,5.0,0.7559107789634252
3260,5.0,0.7562769946190494
3261,5.0,0.7789556618349531
3262,5.0,0.5609720450619009
3263,5.0,0.6981703194759837
3264,5.0,0.6336866152779825
3265,5.0,0.6512905222064367
3266,5.0,0.4734899088502378
3267,5.0,0.7767758384226757
3268,5.0,0.6946959838479008
3269,5.0,0.702407129519035
3270,5.0,0.5804326041925165
3271,5.0,0.7477679650327371
3272,5.0,0.7027504737789128
3273,5.0,0.7552713018689805
3274,5.0,0.7657504496280896
3275,5.0,0.6609240360497878
3276,5.0,0.6676963329442233
3277,5.0,0.7453056099408717
3278,5.0,0.6810659029594331
3279,5.0,0.6920226309913906
3280,5.0,0.5425499932452581
3281,5.0,0.7599894662577633
3282,5.0,0.7147682387003431
3283,5.0,0.7614297923316211
3284,5.0,0.7673521974091457
3285,5.0,0.6760797770367715
3286,5.0,0.6853737796515492
3287,5.0,0.7954770219056342
3288,5.0,0.7417100152427071
3289,5.0,0.7968115707290608
3290,5.0,0.8031167731297613
3291,5.0,0.7017181469701949
3292,5.0,0.7112348505871947
3293,5.0,0.7692144084556074
3294,5.0,0.7564593561014207
3295,5.0,0.7673574334031245
3296,5.0,0.7798300585519508
3297,5.0,0.7236524202165159
3298,5.0,0.716730674674703
3299,5.0,0.6685283775396822
3300,5.0,0.5537802223241326
3301,5.0,0.7655751858627188
3302,5.0,0.7112368489675138
3303,5.0,0.7732039710317318
3304,5.0,0.7376806319812075
3305,5.0,0.6840044092835063
3306,5.0,0.6657984247047349
3307,5.0,0.809336189969115
3308,5.0,0.7401965801714177
3309,5.0,0.8156742794417773
3310,5.0,0.8122140763486754
3311,5.0,0.7114030147331756
3312,5.0,0.709266623465522
3313,5.0,0.7374464916634453
3314,5.0,0.77752153515383
3315,5.0,0.8013090827921522
3316,5.0,0.7729707248881423
3317,5.0,0.8127300074094015
3318,5.0,0.7387404654925418
3319,5.0,0.8222852208508498
3320,5.0,0.788963986788552
3321,5.0,0.6982290779910639
3322,5.0,0.6981097415676875
3323,5.0,0.7864401032945989
3324,5.0,0.7990219381570252
3325,5.0,0.7806488700433238
3326,5.0,0.7497528855292293
3327,5.0,0.807079113306669
3328,5.0,0.813638437628246
3329,5.0,0.8232491645134756
3330,5.0,0.8144635210471589
3331,5.0,0.8090339426255367
3332,5.0,0.49727685144955824
3333,5.0,0.6550778243431218
3334,5.0,0.588392593764749
3335,5.0,0.6720068339051835
3336,5.0,0.452578472036439
3337,5.0,0.7507214207346095
3338,5.0,0.6414817300468075
3339,5.0,0.7445362860410346
3340,5.0,0.5815878762115558
3341,5.0,0.7354676525331665
3342,5.0,0.6900685328977859
3343,5.0,0.5840179031487802
3344,5.0,0.7566078103149758
3345,5.0,0.6219184347693829
3346,5.0,0.5970936479943357
3347,5.0,0.7611942214416914
3348,5.0,0.6654199890177269
3349,5.0,0.7249502767865741
3350,5.0,0.6426475140743001
3351,5.0,0.7280017927631045
3352,5.0,0.7037841106872809
3353,5.0,0.638998543322155
3354,5.0,0.7568782551222247
3355,5.0,0.6252389258423349
3356,5.0,0.6721003965318599
3357,5.0,0.7957236237267818
3358,5.0,0.7566394978380188
3359,5.0,0.7538429897427061
3360,5.0,0.8080912191626486
3361,5.0,0.7179650062340667
3362,5.0,0.733006310632129
3363,5.0,0.7636316508804301
3364,5.0,0.7202418646832761
3365,5.0,0.656514761588372
3366,5.0,0.737682657301456
3367,5.0,0.7116274575726579
3368,5.0,0.5882355186710693
3369,5.0,0.7110914071533246
3370,5.0,0.5649936607533902
3371,5.0,0.6815305558522462
3372,5.0,0.6907422489983998
3373,5.0,0.5965763289056553
3374,5.0,0.7434142506714623
3375,5.0,0.6497700874813508
3376,5.0,0.6230318421389927
3377,5.0,0.7662634932000753
3378,5.0,0.7622075181955366
3379,5.0,0.6832222817606036
3380,5.0,0.8093660498596817
3381,5.0,0.7598464465323874
3382,5.0,0.722292315616582
3383,5.0,0.7453385222311805
3384,5.0,0.7588816806052984
3385,5.0,0.6561030341626576
3386,5.0,0.7352523563401255
3387,5.0,0.7686634650119031
3388,5.0,0.7362349712466941
3389,5.0,0.7454453052122285
3390,5.0,0.808290936220299
3391,5.0,0.7797066576259998
3392,5.0,0.6995702385197454
3393,5.0,0.7449483658911743
3394,5.0,0.7565898900600789
3395,5.0,0.693534947545293
3396,5.0,0.7379753755831503
3397,5.0,0.8024988568116618
3398,5.0,0.8129627105077374
3399,5.0,0.7610361505032249
3400,5.0,0.7998164436992613
3401,5.0,0.7238801341505705
3402,5.0,0.7620632804746157
3403,5.0,0.6378141677092736
3404,5.0,0.7161375119373293
3405,5.0,0.524182009827772
3406,5.0,0.7021032177132474
3407,5.0,0.7163618388116727
3408,5.0,0.5956323729514886
3409,5.0,0.7542543751327883
3410,5.0,0.6106763775909987
3411,5.0,0.6526440381221611
3412,5.0,0.7898009009977061
3413,5.0,0.7562079368518305
3414,5.0,0.7580427418146511
3415,5.0,0.7988517923165284
3416,5.0,0.7255194043647065
3417,5.0,0.6906706133948577
3418,5.0,0.769258684003144
3419,5.0,0.7222802444453905
3420,5.0,0.6780286151490309
3421,5.0,0.7377085462433338
3422,5.0,0.7669051886469188
3423,5.0,0.7633896738749162
3424,5.0,0.7269741905061785
3425,5.0,0.788565925765221
3426,5.0,0.7241777898546236
3427,5.0,0.6866403724990165
3428,5.0,0.7641602902621432
3429,5.0,0.7225947420145086
3430,5.0,0.6970947873594541
3431,5.0,0.7473058182230079
3432,5.0,0.8014576660711098
3433,5.0,0.7859571277771438
3434,5.0,0.7653377357478699
3435,5.0,0.7834653589579447
3436,5.0,0.7539121543946912
3437,5.0,0.7485097230865085
3438,5.0,0.7511257309449493
3439,5.0,0.6974284108471305
3440,5.0,0.7978146922477012
3441,5.0,0.7085413339253817
3442,5.0,0.6758721655105947
3443,5.0,0.7579964407137636
3444,5.0,0.7388048193532718
3445,5.0,0.6970074292878403
3446,5.0,0.7510285645815535
3447,5.0,0.8036922246252551
3448,5.0,0.8049136992730924
3449,5.0,0.7680751076001404
3450,5.0,0.8049344659305225
3451,5.0,0.7392850738233843
3452,5.0,0.8008771565121252
3453,5.0,0.8157430778500494
3454,5.0,0.7436472479093206
3455,5.0,0.8048067385632757
3456,5.0,0.7529758932848291
3457,5.0,0.8114383248486564
